-183.800, 80.200, 0.000,  0.000
-183.800, 80.200, 0.000,  0.016
-183.800, 80.200, 0.000,  0.049
-183.800, 80.200, 0.000,  0.082
-183.800, 80.200, -0.012,  0.115
-183.800, 80.199, 0.032,  0.148
-183.800, 80.198, 0.031,  0.181
-183.800, 80.196, 0.035,  0.214
-183.800, 80.193, 0.112,  0.247
-183.799, 80.185, 0.252,  0.280
-183.798, 80.173, 0.369,  0.313
-183.796, 80.154, 0.567,  0.346
-183.794, 80.131, 0.697,  0.379
-183.791, 80.105, 0.788,  0.412
-183.788, 80.074, 0.960,  0.445
-183.784, 80.035, 1.199,  0.478
-183.779, 79.989, 1.391,  0.511
-183.773, 79.938, 1.528,  0.544
-183.768, 79.885, 1.615,  0.577
-183.761, 79.830, 1.659,  0.610
-183.755, 79.775, 1.657,  0.643
-183.749, 79.722, 1.630,  0.676
-183.743, 79.669, 1.597,  0.709
-183.737, 79.618, 1.561,  0.742
-183.731, 79.568, 1.525,  0.775
-183.725, 79.519, 1.491,  0.808
-183.718, 79.471, 1.460,  0.841
-183.712, 79.424, 1.433,  0.874
-183.706, 79.378, 1.411,  0.907
-183.700, 79.332, 1.395,  0.940
-183.694, 79.287, 1.384,  0.973
-183.688, 79.241, 1.379,  1.006
-183.682, 79.196, 1.379,  1.039
-183.675, 79.150, 1.385,  1.072
-183.669, 79.104, 1.394,  1.105
-183.662, 79.057, 1.407,  1.138
-183.655, 79.010, 1.422,  1.171
-183.649, 78.963, 1.439,  1.204
-183.641, 78.915, 1.456,  1.237
-183.634, 78.866, 1.473,  1.270
-183.627, 78.817, 1.489,  1.303
-183.619, 78.767, 1.504,  1.336
-183.612, 78.717, 1.518,  1.369
-183.604, 78.667, 1.529,  1.402
-183.596, 78.616, 1.539,  1.435
-183.588, 78.565, 1.547,  1.468
-183.580, 78.514, 1.553,  1.501
-183.572, 78.463, 1.558,  1.534
-183.564, 78.411, 1.563,  1.567
-183.555, 78.360, 1.566,  1.600
-183.547, 78.308, 1.569,  1.633
-183.538, 78.256, 1.572,  1.666
-183.530, 78.205, 1.575,  1.699
-183.521, 78.153, 1.578,  1.732
-183.512, 78.101, 1.581,  1.765
-183.504, 78.049, 1.585,  1.798
-183.495, 77.996, 1.589,  1.831
-183.486, 77.944, 1.594,  1.864
-183.477, 77.892, 1.599,  1.897
-183.468, 77.839, 1.604,  1.930
-183.458, 77.786, 1.610,  1.963
-183.449, 77.733, 1.616,  1.996
-183.440, 77.680, 1.623,  2.029
-183.430, 77.626, 1.629,  2.062
-183.421, 77.572, 1.636,  2.095
-183.411, 77.518, 1.643,  2.128
-183.402, 77.464, 1.649,  2.161
-183.392, 77.410, 1.656,  2.194
-183.382, 77.355, 1.663,  2.227
-183.372, 77.301, 1.669,  2.260
-183.362, 77.246, 1.676,  2.293
-183.352, 77.191, 1.682,  2.326
-183.342, 77.135, 1.688,  2.359
-183.332, 77.080, 1.694,  2.392
-183.321, 77.024, 1.701,  2.425
-183.311, 76.968, 1.707,  2.458
-183.301, 76.912, 1.712,  2.491
-183.290, 76.856, 1.718,  2.524
-183.280, 76.799, 1.724,  2.557
-183.269, 76.743, 1.730,  2.590
-183.259, 76.686, 1.736,  2.623
-183.248, 76.629, 1.742,  2.656
-183.237, 76.571, 1.748,  2.689
-183.226, 76.514, 1.754,  2.722
-183.215, 76.456, 1.761,  2.755
-183.205, 76.398, 1.767,  2.788
-183.194, 76.340, 1.773,  2.821
-183.183, 76.282, 1.779,  2.854
-183.172, 76.224, 1.786,  2.887
-183.160, 76.165, 1.792,  2.920
-183.149, 76.106, 1.798,  2.953
-183.138, 76.047, 1.805,  2.986
-183.127, 75.988, 1.811,  3.019
-183.116, 75.928, 1.817,  3.052
-183.104, 75.869, 1.824,  3.085
-183.093, 75.809, 1.830,  3.118
-183.081, 75.749, 1.837,  3.151
-183.070, 75.688, 1.843,  3.184
-183.059, 75.628, 1.850,  3.217
-183.047, 75.567, 1.856,  3.250
-183.036, 75.506, 1.863,  3.283
-183.024, 75.445, 1.869,  3.316
-183.012, 75.384, 1.876,  3.349
-183.001, 75.322, 1.882,  3.382
-182.989, 75.260, 1.889,  3.415
-182.977, 75.198, 1.895,  3.448
-182.966, 75.136, 1.902,  3.481
-182.954, 75.073, 1.908,  3.514
-182.942, 75.011, 1.915,  3.547
-182.930, 74.948, 1.922,  3.580
-182.918, 74.885, 1.928,  3.613
-182.907, 74.821, 1.935,  3.646
-182.895, 74.758, 1.942,  3.679
-182.883, 74.694, 1.948,  3.712
-182.871, 74.630, 1.955,  3.745
-182.859, 74.566, 1.962,  3.778
-182.847, 74.501, 1.968,  3.811
-182.835, 74.437, 1.975,  3.844
-182.823, 74.372, 1.982,  3.877
-182.811, 74.307, 1.989,  3.910
-182.799, 74.241, 1.996,  3.943
-182.787, 74.176, 2.003,  3.976
-182.775, 74.110, 2.010,  4.009
-182.763, 74.044, 2.016,  4.042
-182.751, 73.977, 2.023,  4.075
-182.739, 73.911, 2.030,  4.108
-182.727, 73.844, 2.037,  4.141
-182.715, 73.777, 2.044,  4.174
-182.703, 73.710, 2.051,  4.207
-182.691, 73.642, 2.058,  4.240
-182.679, 73.574, 2.065,  4.273
-182.668, 73.507, 2.072,  4.306
-182.656, 73.438, 2.079,  4.339
-182.644, 73.370, 2.086,  4.372
-182.632, 73.301, 2.093,  4.405
-182.620, 73.232, 2.101,  4.438
-182.608, 73.163, 2.108,  4.471
-182.596, 73.094, 2.115,  4.504
-182.584, 73.024, 2.122,  4.537
-182.572, 72.954, 2.129,  4.570
-182.560, 72.884, 2.137,  4.603
-182.548, 72.813, 2.144,  4.636
-182.536, 72.743, 2.151,  4.669
-182.525, 72.672, 2.158,  4.702
-182.513, 72.601, 2.166,  4.735
-182.501, 72.529, 2.173,  4.768
-182.489, 72.458, 2.180,  4.801
-182.477, 72.386, 2.188,  4.834
-182.466, 72.314, 2.195,  4.867
-182.454, 72.241, 2.203,  4.900
-182.442, 72.168, 2.210,  4.933
-182.431, 72.096, 2.218,  4.966
-182.419, 72.022, 2.225,  4.999
-182.408, 71.949, 2.233,  5.032
-182.396, 71.875, 2.240,  5.065
-182.385, 71.801, 2.248,  5.098
-182.373, 71.727, 2.255,  5.131
-182.362, 71.652, 2.263,  5.164
-182.350, 71.578, 2.270,  5.197
-182.339, 71.503, 2.278,  5.230
-182.327, 71.427, 2.286,  5.263
-182.316, 71.352, 2.293,  5.296
-182.305, 71.276, 2.301,  5.329
-182.294, 71.200, 2.309,  5.362
-182.283, 71.124, 2.317,  5.395
-182.271, 71.047, 2.324,  5.428
-182.260, 70.970, 2.332,  5.461
-182.249, 70.893, 2.340,  5.494
-182.238, 70.815, 2.348,  5.527
-182.227, 70.738, 2.356,  5.560
-182.216, 70.660, 2.363,  5.593
-182.206, 70.582, 2.371,  5.626
-182.195, 70.503, 2.379,  5.659
-182.184, 70.424, 2.387,  5.692
-182.173, 70.345, 2.395,  5.725
-182.163, 70.266, 2.403,  5.758
-182.152, 70.186, 2.411,  5.791
-182.142, 70.106, 2.419,  5.824
-182.131, 70.026, 2.427,  5.857
-182.121, 69.946, 2.435,  5.890
-182.110, 69.865, 2.444,  5.923
-182.100, 69.784, 2.452,  5.956
-182.090, 69.703, 2.460,  5.989
-182.079, 69.621, 2.468,  6.022
-182.069, 69.539, 2.476,  6.055
-182.059, 69.457, 2.485,  6.088
-182.049, 69.375, 2.493,  6.121
-182.039, 69.292, 2.501,  6.154
-182.029, 69.209, 2.510,  6.187
-182.019, 69.126, 2.518,  6.220
-182.010, 69.042, 2.527,  6.253
-182.000, 68.958, 2.535,  6.286
-181.990, 68.874, 2.543,  6.319
-181.981, 68.789, 2.552,  6.352
-181.971, 68.705, 2.560,  6.385
-181.962, 68.620, 2.569,  6.418
-181.952, 68.534, 2.578,  6.451
-181.943, 68.449, 2.586,  6.484
-181.934, 68.363, 2.595,  6.517
-181.925, 68.276, 2.603,  6.550
-181.916, 68.190, 2.612,  6.583
-181.907, 68.103, 2.621,  6.616
-181.898, 68.016, 2.629,  6.649
-181.889, 67.929, 2.638,  6.682
-181.880, 67.841, 2.647,  6.715
-181.871, 67.753, 2.656,  6.748
-181.862, 67.664, 2.664,  6.781
-181.854, 67.576, 2.673,  6.814
-181.845, 67.487, 2.682,  6.847
-181.837, 67.398, 2.691,  6.880
-181.829, 67.308, 2.700,  6.913
-181.820, 67.218, 2.709,  6.946
-181.812, 67.128, 2.718,  6.979
-181.804, 67.037, 2.727,  7.012
-181.796, 66.947, 2.737,  7.045
-181.788, 66.856, 2.746,  7.078
-181.780, 66.764, 2.755,  7.111
-181.772, 66.672, 2.764,  7.144
-181.764, 66.580, 2.773,  7.177
-181.757, 66.488, 2.782,  7.210
-181.749, 66.395, 2.792,  7.243
-181.742, 66.302, 2.801,  7.276
-181.734, 66.209, 2.810,  7.309
-181.727, 66.115, 2.820,  7.342
-181.720, 66.021, 2.829,  7.375
-181.712, 65.927, 2.839,  7.408
-181.705, 65.832, 2.848,  7.441
-181.698, 65.737, 2.858,  7.474
-181.691, 65.642, 2.867,  7.507
-181.684, 65.547, 2.877,  7.540
-181.678, 65.451, 2.887,  7.573
-181.671, 65.354, 2.896,  7.606
-181.664, 65.258, 2.906,  7.639
-181.658, 65.161, 2.916,  7.672
-181.651, 65.064, 2.925,  7.705
-181.645, 64.966, 2.935,  7.738
-181.638, 64.868, 2.945,  7.771
-181.632, 64.770, 2.955,  7.804
-181.626, 64.671, 2.965,  7.837
-181.620, 64.573, 2.975,  7.870
-181.614, 64.473, 2.985,  7.903
-181.608, 64.374, 2.995,  7.936
-181.602, 64.274, 3.005,  7.969
-181.596, 64.174, 3.015,  8.002
-181.591, 64.073, 3.025,  8.035
-181.585, 63.972, 3.035,  8.068
-181.580, 63.871, 3.045,  8.101
-181.574, 63.769, 3.055,  8.134
-181.569, 63.667, 3.065,  8.167
-181.563, 63.565, 3.076,  8.200
-181.558, 63.462, 3.086,  8.233
-181.553, 63.359, 3.096,  8.266
-181.548, 63.256, 3.107,  8.299
-181.543, 63.152, 3.117,  8.332
-181.538, 63.048, 3.128,  8.365
-181.533, 62.944, 3.138,  8.398
-181.529, 62.839, 3.148,  8.431
-181.524, 62.734, 3.159,  8.464
-181.519, 62.628, 3.170,  8.497
-181.515, 62.522, 3.180,  8.530
-181.510, 62.416, 3.191,  8.563
-181.506, 62.310, 3.201,  8.596
-181.502, 62.203, 3.212,  8.629
-181.498, 62.095, 3.223,  8.662
-181.494, 61.988, 3.234,  8.695
-181.490, 61.880, 3.245,  8.728
-181.486, 61.771, 3.255,  8.761
-181.482, 61.663, 3.266,  8.794
-181.478, 61.554, 3.277,  8.827
-181.474, 61.444, 3.288,  8.860
-181.470, 61.334, 3.299,  8.893
-181.467, 61.224, 3.310,  8.926
-181.463, 61.114, 3.321,  8.959
-181.460, 61.003, 3.332,  8.992
-181.456, 60.891, 3.344,  9.025
-181.453, 60.780, 3.355,  9.058
-181.450, 60.668, 3.366,  9.091
-181.447, 60.555, 3.377,  9.124
-181.443, 60.442, 3.389,  9.157
-181.440, 60.329, 3.400,  9.190
-181.437, 60.215, 3.411,  9.223
-181.434, 60.102, 3.423,  9.256
-181.432, 59.987, 3.434,  9.289
-181.429, 59.872, 3.446,  9.322
-181.426, 59.757, 3.457,  9.355
-181.424, 59.642, 3.469,  9.388
-181.421, 59.526, 3.480,  9.421
-181.418, 59.410, 3.492,  9.454
-181.416, 59.293, 3.504,  9.487
-181.414, 59.176, 3.515,  9.520
-181.411, 59.058, 3.527,  9.553
-181.409, 58.941, 3.539,  9.586
-181.407, 58.822, 3.551,  9.619
-181.405, 58.704, 3.563,  9.652
-181.402, 58.585, 3.574,  9.685
-181.400, 58.465, 3.586,  9.718
-181.398, 58.345, 3.599,  9.751
-181.397, 58.225, 3.611,  9.784
-181.395, 58.104, 3.623,  9.817
-181.393, 57.983, 3.635,  9.850
-181.391, 57.862, 3.647,  9.883
-181.389, 57.740, 3.659,  9.916
-181.388, 57.618, 3.671,  9.949
-181.386, 57.495, 3.684,  9.982
-181.385, 57.372, 3.696, 10.015
-181.383, 57.249, 3.708, 10.048
-181.382, 57.125, 3.721, 10.081
-181.380, 57.000, 3.733, 10.114
-181.379, 56.876, 3.746, 10.147
-181.378, 56.750, 3.758, 10.180
-181.376, 56.625, 3.771, 10.213
-181.375, 56.499, 3.783, 10.246
-181.374, 56.372, 3.796, 10.279
-181.373, 56.245, 3.809, 10.312
-181.372, 56.118, 3.821, 10.345
-181.371, 55.991, 3.834, 10.378
-181.370, 55.862, 3.847, 10.411
-181.369, 55.734, 3.860, 10.444
-181.368, 55.605, 3.873, 10.477
-181.367, 55.475, 3.886, 10.510
-181.367, 55.346, 3.899, 10.543
-181.366, 55.215, 3.912, 10.576
-181.365, 55.085, 3.925, 10.609
-181.365, 54.953, 3.938, 10.642
-181.364, 54.822, 3.950, 10.675
-181.363, 54.690, 3.963, 10.708
-181.363, 54.557, 3.976, 10.741
-181.362, 54.425, 3.989, 10.774
-181.362, 54.291, 4.002, 10.807
-181.361, 54.157, 4.015, 10.840
-181.361, 54.023, 4.029, 10.873
-181.360, 53.889, 4.042, 10.906
-181.360, 53.754, 4.055, 10.939
-181.360, 53.618, 4.068, 10.972
-181.359, 53.482, 4.081, 11.005
-181.359, 53.346, 4.095, 11.038
-181.359, 53.209, 4.108, 11.071
-181.359, 53.072, 4.122, 11.104
-181.359, 52.934, 4.135, 11.137
-181.358, 52.796, 4.149, 11.170
-181.358, 52.657, 4.163, 11.203
-181.358, 52.518, 4.176, 11.236
-181.358, 52.378, 4.190, 11.269
-181.358, 52.238, 4.204, 11.302
-181.358, 52.098, 4.217, 11.335
-181.358, 51.957, 4.231, 11.368
-181.358, 51.816, 4.245, 11.401
-181.358, 51.674, 4.259, 11.434
-181.358, 51.531, 4.273, 11.467
-181.358, 51.389, 4.287, 11.500
-181.358, 51.245, 4.301, 11.533
-181.358, 51.102, 4.315, 11.566
-181.359, 50.957, 4.330, 11.599
-181.359, 50.813, 4.344, 11.632
-181.359, 50.668, 4.358, 11.665
-181.359, 50.522, 4.372, 11.698
-181.359, 50.376, 4.387, 11.731
-181.359, 50.229, 4.401, 11.764
-181.360, 50.082, 4.416, 11.797
-181.360, 49.935, 4.430, 11.830
-181.360, 49.787, 4.445, 11.863
-181.361, 49.638, 4.459, 11.896
-181.361, 49.489, 4.474, 11.929
-181.361, 49.340, 4.489, 11.962
-181.361, 49.190, 4.504, 11.995
-181.362, 49.039, 4.518, 12.028
-181.362, 48.888, 4.533, 12.061
-181.362, 48.737, 4.548, 12.094
-181.363, 48.585, 4.563, 12.127
-181.363, 48.432, 4.578, 12.160
-181.363, 48.279, 4.593, 12.193
-181.364, 48.126, 4.608, 12.226
-181.364, 47.972, 4.624, 12.259
-181.365, 47.817, 4.639, 12.292
-181.365, 47.662, 4.654, 12.325
-181.365, 47.507, 4.669, 12.358
-181.366, 47.351, 4.685, 12.391
-181.366, 47.194, 4.700, 12.424
-181.367, 47.037, 4.716, 12.457
-181.367, 46.879, 4.731, 12.490
-181.367, 46.721, 4.747, 12.523
-181.368, 46.563, 4.763, 12.556
-181.368, 46.403, 4.778, 12.589
-181.369, 46.244, 4.794, 12.622
-181.369, 46.084, 4.810, 12.655
-181.370, 45.923, 4.826, 12.688
-181.370, 45.762, 4.841, 12.721
-181.370, 45.600, 4.857, 12.754
-181.371, 45.437, 4.873, 12.787
-181.371, 45.275, 4.889, 12.820
-181.372, 45.111, 4.906, 12.853
-181.372, 44.947, 4.922, 12.886
-181.373, 44.783, 4.938, 12.919
-181.373, 44.618, 4.954, 12.952
-181.373, 44.452, 4.971, 12.985
-181.374, 44.286, 4.987, 13.018
-181.374, 44.120, 5.004, 13.051
-181.375, 43.952, 5.020, 13.084
-181.375, 43.785, 5.037, 13.117
-181.376, 43.616, 5.053, 13.150
-181.376, 43.447, 5.070, 13.183
-181.376, 43.278, 5.086, 13.216
-181.377, 43.108, 5.102, 13.249
-181.377, 42.938, 5.112, 13.282
-181.378, 42.767, 5.110, 13.315
-181.378, 42.597, 5.095, 13.348
-181.378, 42.428, 5.082, 13.381
-181.379, 42.259, 5.074, 13.414
-181.379, 42.090, 5.073, 13.447
-181.379, 41.921, 5.077, 13.480
-181.380, 41.752, 5.089, 13.513
-181.380, 41.581, 5.108, 13.546
-181.380, 41.410, 5.133, 13.579
-181.381, 41.238, 5.164, 13.612
-181.381, 41.065, 5.200, 13.645
-181.381, 40.891, 5.239, 13.678
-181.382, 40.715, 5.281, 13.711
-181.382, 40.537, 5.324, 13.744
-181.382, 40.359, 5.365, 13.777
-181.383, 40.179, 5.405, 13.810
-181.383, 39.997, 5.442, 13.843
-181.383, 39.815, 5.474, 13.876
-181.383, 39.632, 5.503, 13.909
-181.384, 39.448, 5.527, 13.942
-181.384, 39.263, 5.547, 13.975
-181.384, 39.078, 5.563, 14.008
-181.385, 38.892, 5.576, 14.041
-181.385, 38.706, 5.586, 14.074
-181.385, 38.520, 5.595, 14.107
-181.385, 38.333, 5.602, 14.140
-181.385, 38.146, 5.609, 14.173
-181.386, 37.959, 5.616, 14.206
-181.386, 37.772, 5.624, 14.239
-181.386, 37.584, 5.632, 14.272
-181.386, 37.396, 5.643, 14.305
-181.386, 37.208, 5.655, 14.338
-181.387, 37.019, 5.669, 14.371
-181.387, 36.830, 5.686, 14.404
-181.387, 36.640, 5.705, 14.437
-181.387, 36.449, 5.725, 14.470
-181.387, 36.257, 5.748, 14.503
-181.387, 36.065, 5.772, 14.536
-181.387, 35.872, 5.797, 14.569
-181.388, 35.678, 5.822, 14.602
-181.388, 35.483, 5.849, 14.635
-181.388, 35.287, 5.875, 14.668
-181.388, 35.091, 5.900, 14.701
-181.388, 34.893, 5.925, 14.734
-181.388, 34.695, 5.950, 14.767
-181.388, 34.496, 5.973, 14.800
-181.388, 34.296, 5.995, 14.833
-181.388, 34.096, 6.015, 14.866
-181.388, 33.895, 6.035, 14.899
-181.388, 33.693, 6.054, 14.932
-181.388, 33.491, 6.072, 14.965
-181.388, 33.288, 6.089, 14.998
-181.388, 33.085, 6.106, 15.031
-181.388, 32.881, 6.124, 15.064
-181.388, 32.676, 6.141, 15.097
-181.388, 32.471, 6.158, 15.130
-181.388, 32.265, 6.176, 15.163
-181.388, 32.059, 6.194, 15.196
-181.388, 31.852, 6.214, 15.229
-181.388, 31.644, 6.233, 15.262
-181.388, 31.436, 6.254, 15.295
-181.388, 31.227, 6.275, 15.328
-181.388, 31.017, 6.297, 15.361
-181.388, 30.806, 6.319, 15.394
-181.388, 30.595, 6.342, 15.427
-181.388, 30.383, 6.365, 15.460
-181.387, 30.170, 6.388, 15.493
-181.387, 29.957, 6.412, 15.526
-181.387, 29.742, 6.435, 15.559
-181.387, 29.527, 6.458, 15.592
-181.387, 29.311, 6.481, 15.625
-181.387, 29.094, 6.503, 15.658
-181.387, 28.877, 6.525, 15.691
-181.386, 28.659, 6.547, 15.724
-181.386, 28.440, 6.569, 15.757
-181.386, 28.220, 6.591, 15.790
-181.386, 28.000, 6.612, 15.823
-181.386, 27.779, 6.633, 15.856
-181.385, 27.557, 6.655, 15.889
-181.385, 27.335, 6.676, 15.922
-181.385, 27.112, 6.697, 15.955
-181.385, 26.888, 6.719, 15.988
-181.385, 26.664, 6.741, 16.021
-181.384, 26.438, 6.763, 16.054
-181.384, 26.212, 6.785, 16.087
-181.384, 25.985, 6.807, 16.120
-181.384, 25.758, 6.830, 16.153
-181.383, 25.530, 6.852, 16.186
-181.383, 25.301, 6.875, 16.219
-181.383, 25.071, 6.898, 16.252
-181.383, 24.840, 6.921, 16.285
-181.382, 24.609, 6.944, 16.318
-181.382, 24.377, 6.967, 16.351
-181.382, 24.144, 6.990, 16.384
-181.381, 23.910, 7.014, 16.417
-181.381, 23.676, 7.037, 16.450
-181.381, 23.441, 7.061, 16.483
-181.381, 23.205, 7.084, 16.516
-181.380, 22.968, 7.108, 16.549
-181.380, 22.730, 7.132, 16.582
-181.380, 22.492, 7.155, 16.615
-181.379, 22.253, 7.179, 16.648
-181.379, 22.013, 7.203, 16.681
-181.378, 21.772, 7.227, 16.714
-181.378, 21.530, 7.251, 16.747
-181.378, 21.288, 7.275, 16.780
-181.377, 21.045, 7.299, 16.813
-181.377, 20.801, 7.324, 16.846
-181.377, 20.556, 7.348, 16.879
-181.376, 20.311, 7.372, 16.912
-181.376, 20.064, 7.397, 16.945
-181.375, 19.817, 7.422, 16.978
-181.375, 19.569, 7.446, 17.011
-181.375, 19.320, 7.471, 17.044
-181.374, 19.070, 7.496, 17.077
-181.374, 18.820, 7.521, 17.110
-181.373, 18.569, 7.546, 17.143
-181.373, 18.316, 7.570, 17.176
-181.372, 18.063, 7.595, 17.209
-181.372, 17.810, 7.620, 17.242
-181.372, 17.555, 7.645, 17.275
-181.371, 17.300, 7.670, 17.308
-181.371, 17.043, 7.695, 17.341
-181.370, 16.786, 7.720, 17.374
-181.370, 16.528, 7.746, 17.407
-181.369, 16.269, 7.771, 17.440
-181.369, 16.010, 7.796, 17.473
-181.368, 15.749, 7.822, 17.506
-181.368, 15.488, 7.848, 17.539
-181.367, 15.225, 7.874, 17.572
-181.367, 14.962, 7.900, 17.605
-181.366, 14.698, 7.926, 17.638
-181.366, 14.433, 7.953, 17.671
-181.365, 14.168, 7.980, 17.704
-181.365, 13.901, 8.006, 17.737
-181.364, 13.633, 8.033, 17.770
-181.364, 13.365, 8.060, 17.803
-181.363, 13.096, 8.087, 17.836
-181.363, 12.825, 8.114, 17.869
-181.362, 12.554, 8.141, 17.902
-181.361, 12.282, 8.168, 17.935
-181.361, 12.009, 8.196, 17.968
-181.360, 11.735, 8.223, 18.001
-181.360, 11.460, 8.250, 18.034
-181.359, 11.185, 8.278, 18.067
-181.358, 10.908, 8.305, 18.100
-181.358, 10.631, 8.333, 18.133
-181.357, 10.352, 8.360, 18.166
-181.357, 10.073, 8.388, 18.199
-181.356, 9.792, 8.416, 18.232
-181.355, 9.511, 8.444, 18.265
-181.355, 9.229, 8.472, 18.298
-181.354, 8.946, 8.500, 18.331
-181.354, 8.662, 8.528, 18.364
-181.353, 8.377, 8.557, 18.397
-181.352, 8.091, 8.585, 18.430
-181.352, 7.804, 8.614, 18.463
-181.351, 7.516, 8.643, 18.496
-181.350, 7.227, 8.671, 18.529
-181.350, 6.938, 8.700, 18.562
-181.349, 6.647, 8.729, 18.595
-181.348, 6.355, 8.758, 18.628
-181.347, 6.062, 8.788, 18.661
-181.347, 5.769, 8.817, 18.694
-181.346, 5.474, 8.846, 18.727
-181.345, 5.178, 8.876, 18.760
-181.345, 4.882, 8.905, 18.793
-181.344, 4.584, 8.935, 18.826
-181.343, 4.286, 8.965, 18.859
-181.342, 3.986, 8.995, 18.892
-181.342, 3.686, 9.025, 18.925
-181.341, 3.384, 9.055, 18.958
-181.340, 3.081, 9.085, 18.991
-181.339, 2.778, 9.115, 19.024
-181.338, 2.473, 9.145, 19.057
-181.338, 2.168, 9.176, 19.090
-181.337, 1.861, 9.206, 19.123
-181.336, 1.553, 9.237, 19.156
-181.335, 1.245, 9.268, 19.189
-181.334, 0.935, 9.299, 19.222
-181.334, 0.624, 9.330, 19.255
-181.333, 0.312, 9.361, 19.288
-181.332, -0.000, 9.392, 19.321
-181.331, -0.314, 9.423, 19.354
-181.330, -0.629, 9.454, 19.387
-181.329, -0.945, 9.486, 19.420
-181.328, -1.262, 9.518, 19.453
-181.327, -1.580, 9.549, 19.486
-181.327, -1.899, 9.581, 19.519
-181.326, -2.220, 9.613, 19.552
-181.325, -2.541, 9.645, 19.585
-181.324, -2.863, 9.677, 19.618
-181.323, -3.187, 9.710, 19.651
-181.322, -3.511, 9.742, 19.684
-181.321, -3.837, 9.775, 19.717
-181.320, -4.163, 9.807, 19.750
-181.319, -4.491, 9.840, 19.783
-181.318, -4.820, 9.873, 19.816
-181.317, -5.150, 9.906, 19.849
-181.316, -5.481, 9.939, 19.882
-181.315, -5.813, 9.972, 19.915
-181.314, -6.146, 10.005, 19.948
-181.313, -6.480, 10.039, 19.981
-181.312, -6.816, 10.072, 20.014
-181.311, -7.153, 10.106, 20.047
-181.310, -7.490, 10.140, 20.080
-181.309, -7.829, 10.173, 20.113
-181.308, -8.169, 10.207, 20.146
-181.307, -8.510, 10.241, 20.179
-181.305, -8.852, 10.276, 20.212
-181.304, -9.196, 10.310, 20.245
-181.303, -9.540, 10.344, 20.278
-181.302, -9.886, 10.379, 20.311
-181.301, -10.233, 10.413, 20.344
-181.300, -10.581, 10.448, 20.377
-181.299, -10.930, 10.483, 20.410
-181.298, -11.280, 10.518, 20.443
-181.296, -11.632, 10.553, 20.476
-181.295, -11.985, 10.588, 20.509
-181.294, -12.338, 10.623, 20.542
-181.293, -12.693, 10.659, 20.575
-181.292, -13.050, 10.695, 20.608
-181.290, -13.407, 10.730, 20.641
-181.289, -13.766, 10.766, 20.674
-181.288, -14.125, 10.802, 20.707
-181.287, -14.486, 10.838, 20.740
-181.285, -14.848, 10.874, 20.773
-181.284, -15.212, 10.911, 20.806
-181.283, -15.576, 10.947, 20.839
-181.281, -15.942, 10.984, 20.872
-181.280, -16.309, 11.020, 20.905
-181.279, -16.678, 11.057, 20.938
-181.277, -17.047, 11.094, 20.971
-181.276, -17.418, 11.131, 21.004
-181.275, -17.790, 11.168, 21.037
-181.273, -18.163, 11.205, 21.070
-181.272, -18.538, 11.243, 21.103
-181.271, -18.913, 11.280, 21.136
-181.269, -19.290, 11.318, 21.169
-181.268, -19.668, 11.355, 21.202
-181.266, -20.048, 11.393, 21.235
-181.265, -20.429, 11.432, 21.268
-181.263, -20.811, 11.470, 21.301
-181.262, -21.194, 11.508, 21.334
-181.260, -21.579, 11.547, 21.367
-181.259, -21.964, 11.586, 21.400
-181.258, -22.352, 11.625, 21.433
-181.256, -22.740, 11.664, 21.466
-181.254, -23.130, 11.704, 21.499
-181.253, -23.521, 11.743, 21.532
-181.251, -23.914, 11.783, 21.565
-181.250, -24.307, 11.823, 21.598
-181.248, -24.702, 11.863, 21.631
-181.247, -25.099, 11.903, 21.664
-181.245, -25.497, 11.943, 21.697
-181.243, -25.896, 11.983, 21.730
-181.242, -26.296, 12.024, 21.763
-181.240, -26.698, 12.064, 21.796
-181.239, -27.101, 12.105, 21.829
-181.237, -27.506, 12.145, 21.862
-181.235, -27.912, 12.186, 21.895
-181.233, -28.319, 12.227, 21.928
-181.232, -28.728, 12.268, 21.961
-181.230, -29.137, 12.309, 21.994
-181.228, -29.549, 12.351, 22.027
-181.227, -29.962, 12.392, 22.060
-181.225, -30.376, 12.434, 22.093
-181.223, -30.791, 12.475, 22.126
-181.221, -31.208, 12.517, 22.159
-181.219, -31.626, 12.559, 22.192
-181.217, -32.046, 12.602, 22.225
-181.216, -32.467, 12.644, 22.258
-181.214, -32.890, 12.686, 22.291
-181.212, -33.314, 12.729, 22.324
-181.210, -33.739, 12.772, 22.357
-181.208, -34.166, 12.815, 22.390
-181.206, -34.594, 12.858, 22.423
-181.204, -35.024, 12.901, 22.456
-181.202, -35.455, 12.945, 22.489
-181.200, -35.888, 12.988, 22.522
-181.198, -36.322, 13.032, 22.555
-181.196, -36.757, 13.076, 22.588
-181.194, -37.194, 13.120, 22.621
-181.192, -37.633, 13.164, 22.654
-181.190, -38.073, 13.208, 22.687
-181.188, -38.514, 13.252, 22.720
-181.186, -38.957, 13.297, 22.753
-181.184, -39.401, 13.342, 22.786
-181.182, -39.847, 13.386, 22.819
-181.180, -40.294, 13.431, 22.852
-181.178, -40.743, 13.477, 22.885
-181.176, -41.194, 13.522, 22.918
-181.173, -41.646, 13.567, 22.951
-181.171, -42.099, 13.613, 22.984
-181.169, -42.554, 13.658, 23.017
-181.167, -43.010, 13.704, 23.050
-181.165, -43.468, 13.750, 23.083
-181.162, -43.928, 13.796, 23.116
-181.160, -44.389, 13.843, 23.149
-181.158, -44.851, 13.889, 23.182
-181.155, -45.316, 13.936, 23.215
-181.153, -45.781, 13.983, 23.248
-181.151, -46.249, 14.030, 23.281
-181.148, -46.718, 14.077, 23.314
-181.146, -47.188, 14.124, 23.347
-181.144, -47.660, 14.172, 23.380
-181.141, -48.134, 14.219, 23.413
-181.139, -48.609, 14.267, 23.446
-181.136, -49.086, 14.315, 23.479
-181.134, -49.564, 14.363, 23.512
-181.131, -50.044, 14.412, 23.545
-181.129, -50.526, 14.460, 23.578
-181.126, -51.009, 14.509, 23.611
-181.124, -51.494, 14.557, 23.644
-181.121, -51.980, 14.606, 23.677
-181.119, -52.468, 14.655, 23.710
-181.116, -52.958, 14.705, 23.743
-181.113, -53.449, 14.754, 23.776
-181.111, -53.942, 14.803, 23.809
-181.108, -54.437, 14.853, 23.842
-181.105, -54.934, 14.903, 23.875
-181.103, -55.432, 14.953, 23.908
-181.100, -55.931, 15.003, 23.941
-181.097, -56.433, 15.053, 23.974
-181.094, -56.936, 15.104, 24.007
-181.092, -57.441, 15.155, 24.040
-181.089, -57.947, 15.206, 24.073
-181.086, -58.455, 15.257, 24.106
-181.083, -58.965, 15.308, 24.139
-181.080, -59.477, 15.359, 24.172
-181.077, -59.990, 15.411, 24.205
-181.074, -60.505, 15.462, 24.238
-181.071, -61.022, 15.514, 24.271
-181.068, -61.540, 15.566, 24.304
-181.066, -62.060, 15.618, 24.337
-181.062, -62.582, 15.671, 24.370
-181.059, -63.106, 15.723, 24.403
-181.056, -63.631, 15.776, 24.436
-181.053, -64.158, 15.829, 24.469
-181.050, -64.687, 15.882, 24.502
-181.047, -65.218, 15.936, 24.535
-181.044, -65.751, 15.989, 24.568
-181.041, -66.285, 16.043, 24.601
-181.038, -66.821, 16.097, 24.634
-181.034, -67.359, 16.151, 24.667
-181.031, -67.899, 16.205, 24.700
-181.028, -68.441, 16.260, 24.733
-181.025, -68.984, 16.314, 24.766
-181.021, -69.529, 16.369, 24.799
-181.018, -70.076, 16.424, 24.832
-181.015, -70.625, 16.479, 24.865
-181.011, -71.176, 16.534, 24.898
-181.008, -71.728, 16.590, 24.931
-181.004, -72.283, 16.646, 24.964
-181.001, -72.839, 16.702, 24.997
-180.997, -73.397, 16.758, 25.030
-180.994, -73.957, 16.814, 25.063
-180.990, -74.519, 16.870, 25.096
-180.987, -75.083, 16.927, 25.129
-180.983, -75.648, 16.983, 25.162
-180.980, -76.216, 17.040, 25.195
-180.976, -76.785, 17.097, 25.228
-180.972, -77.357, 17.155, 25.261
-180.969, -77.930, 17.212, 25.294
-180.965, -78.505, 17.270, 25.327
-180.961, -79.082, 17.328, 25.360
-180.957, -79.662, 17.386, 25.393
-180.954, -80.243, 17.444, 25.426
-180.950, -80.825, 17.503, 25.459
-180.946, -81.410, 17.562, 25.492
-180.942, -81.997, 17.620, 25.525
-180.938, -82.586, 17.680, 25.558
-180.934, -83.177, 17.739, 25.591
-180.930, -83.770, 17.798, 25.624
-180.926, -84.365, 17.858, 25.657
-180.922, -84.961, 17.918, 25.690
-180.918, -85.560, 17.978, 25.723
-180.914, -86.161, 18.038, 25.756
-180.910, -86.764, 18.099, 25.789
-180.906, -87.369, 18.159, 25.822
-180.901, -87.975, 18.217, 25.855
-180.897, -88.584, 18.268, 25.888
-180.893, -89.194, 18.310, 25.921
-180.889, -89.805, 18.337, 25.954
-180.884, -90.416, 18.347, 25.987
-180.880, -91.027, 18.338, 26.020
-180.876, -91.637, 18.310, 26.053
-180.871, -92.245, 18.263, 26.086
-180.867, -92.852, 18.201, 26.119
-180.863, -93.456, 18.126, 26.152
-180.858, -94.057, 18.041, 26.185
-180.854, -94.655, 17.950, 26.218
-180.850, -95.250, 17.856, 26.251
-180.845, -95.842, 17.762, 26.284
-180.841, -96.431, 17.671, 26.317
-180.836, -97.018, 17.586, 26.350
-180.832, -97.602, 17.510, 26.383
-180.828, -98.183, 17.445, 26.416
-180.823, -98.763, 17.391, 26.449
-180.819, -99.342, 17.348, 26.482
-180.814, -99.919, 17.315, 26.515
-180.810, -100.496, 17.292, 26.548
-180.806, -101.072, 17.278, 26.581
-180.801, -101.648, 17.272, 26.614
-180.797, -102.224, 17.274, 26.647
-180.792, -102.801, 17.283, 26.680
-180.788, -103.378, 17.298, 26.713
-180.783, -103.955, 17.316, 26.746
-180.779, -104.533, 17.336, 26.779
-180.774, -105.112, 17.353, 26.812
-180.770, -105.691, 17.367, 26.845
-180.765, -106.270, 17.374, 26.878
-180.760, -106.850, 17.373, 26.911
-180.756, -107.429, 17.362, 26.944
-180.751, -108.007, 17.341, 26.977
-180.747, -108.584, 17.311, 27.010
-180.742, -109.160, 17.271, 27.043
-180.738, -109.734, 17.224, 27.076
-180.733, -110.306, 17.170, 27.109
-180.728, -110.877, 17.112, 27.142
-180.724, -111.445, 17.051, 27.175
-180.719, -112.012, 16.989, 27.208
-180.715, -112.576, 16.928, 27.241
-180.710, -113.139, 16.870, 27.274
-180.706, -113.699, 16.815, 27.307
-180.701, -114.259, 16.767, 27.340
-180.696, -114.816, 16.724, 27.373
-180.692, -115.373, 16.688, 27.406
-180.687, -115.928, 16.660, 27.439
-180.683, -116.483, 16.638, 27.472
-180.678, -117.038, 16.623, 27.505
-180.673, -117.592, 16.613, 27.538
-180.669, -118.146, 16.607, 27.571
-180.664, -118.699, 16.604, 27.604
-180.659, -119.253, 16.602, 27.637
-180.655, -119.806, 16.599, 27.670
-180.650, -120.360, 16.594, 27.703
-180.645, -120.913, 16.586, 27.736
-180.640, -121.466, 16.574, 27.769
-180.636, -122.018, 16.558, 27.802
-180.631, -122.569, 16.536, 27.835
-180.626, -123.120, 16.509, 27.868
-180.621, -123.669, 16.478, 27.901
-180.617, -124.217, 16.442, 27.934
-180.612, -124.764, 16.403, 27.967
-180.607, -125.310, 16.361, 28.000
-180.602, -125.854, 16.318, 28.033
-180.597, -126.396, 16.273, 28.066
-180.593, -126.938, 16.230, 28.099
-180.588, -127.477, 16.187, 28.132
-180.583, -128.016, 16.146, 28.165
-180.578, -128.553, 16.108, 28.198
-180.573, -129.089, 16.074, 28.231
-180.569, -129.624, 16.043, 28.264
-180.564, -130.158, 16.015, 28.297
-180.559, -130.691, 15.991, 28.330
-180.554, -131.224, 15.970, 28.363
-180.549, -131.756, 15.952, 28.396
-180.544, -132.287, 15.936, 28.429
-180.539, -132.818, 15.921, 28.462
-180.534, -133.349, 15.907, 28.495
-180.529, -133.878, 15.893, 28.528
-180.524, -134.408, 15.878, 28.561
-180.519, -134.937, 15.862, 28.594
-180.514, -135.465, 15.844, 28.627
-180.509, -135.993, 15.823, 28.660
-180.504, -136.520, 15.800, 28.693
-180.499, -137.046, 15.775, 28.726
-180.494, -137.571, 15.747, 28.759
-180.489, -138.095, 15.718, 28.792
-180.484, -138.618, 15.686, 28.825
-180.479, -139.140, 15.653, 28.858
-180.474, -139.661, 15.619, 28.891
-180.469, -140.180, 15.585, 28.924
-180.464, -140.699, 15.551, 28.957
-180.459, -141.216, 15.518, 28.990
-180.454, -141.733, 15.485, 29.023
-180.449, -142.248, 15.454, 29.056
-180.444, -142.762, 15.424, 29.089
-180.439, -143.276, 15.396, 29.122
-180.434, -143.788, 15.370, 29.155
-180.428, -144.300, 15.346, 29.188
-180.423, -144.811, 15.323, 29.221
-180.418, -145.321, 15.301, 29.254
-180.413, -145.831, 15.281, 29.287
-180.408, -146.340, 15.261, 29.320
-180.403, -146.848, 15.242, 29.353
-180.397, -147.356, 15.222, 29.386
-180.392, -147.863, 15.203, 29.419
-180.387, -148.369, 15.182, 29.452
-180.382, -148.874, 15.161, 29.485
-180.376, -149.379, 15.139, 29.518
-180.371, -149.883, 15.115, 29.551
-180.366, -150.387, 15.091, 29.584
-180.361, -150.889, 15.065, 29.617
-180.355, -151.390, 15.039, 29.650
-180.350, -151.891, 15.011, 29.683
-180.345, -152.390, 14.983, 29.716
-180.339, -152.889, 14.955, 29.749
-180.334, -153.387, 14.926, 29.782
-180.328, -153.884, 14.898, 29.815
-180.323, -154.379, 14.870, 29.848
-180.318, -154.874, 14.842, 29.881
-180.312, -155.368, 14.815, 29.914
-180.307, -155.861, 14.788, 29.947
-180.301, -156.354, 14.763, 29.980
-180.296, -156.845, 14.738, 30.013
-180.291, -157.336, 14.714, 30.046
-180.285, -157.826, 14.691, 30.079
-180.280, -158.315, 14.668, 30.112
-180.274, -158.803, 14.646, 30.145
-180.269, -159.291, 14.624, 30.178
-180.263, -159.778, 14.603, 30.211
-180.257, -160.264, 14.581, 30.244
-180.252, -160.749, 14.559, 30.277
-180.246, -161.234, 14.537, 30.310
-180.241, -161.718, 14.515, 30.343
-180.235, -162.201, 14.492, 30.376
-180.229, -162.684, 14.469, 30.409
-180.224, -163.166, 14.446, 30.442
-180.218, -163.647, 14.421, 30.475
-180.212, -164.127, 14.397, 30.508
-180.207, -164.606, 14.372, 30.541
-180.201, -165.084, 14.347, 30.574
-180.195, -165.562, 14.321, 30.607
-180.189, -166.038, 14.296, 30.640
-180.184, -166.514, 14.271, 30.673
-180.178, -166.989, 14.245, 30.706
-180.172, -167.463, 14.220, 30.739
-180.166, -167.937, 14.196, 30.772
-180.160, -168.409, 14.171, 30.805
-180.154, -168.881, 14.148, 30.838
-180.148, -169.352, 14.124, 30.871
-180.142, -169.822, 14.101, 30.904
-180.136, -170.292, 14.078, 30.937
-180.131, -170.760, 14.056, 30.970
-180.124, -171.228, 14.033, 31.003
-180.118, -171.696, 14.011, 31.036
-180.112, -172.162, 13.989, 31.069
-180.106, -172.628, 13.967, 31.102
-180.100, -173.093, 13.945, 31.135
-180.094, -173.557, 13.923, 31.168
-180.088, -174.020, 13.901, 31.201
-180.082, -174.483, 13.878, 31.234
-180.075, -174.945, 13.855, 31.267
-180.069, -175.406, 13.833, 31.300
-180.063, -175.867, 13.809, 31.333
-180.056, -176.327, 13.786, 31.366
-180.050, -176.785, 13.763, 31.399
-180.044, -177.244, 13.740, 31.432
-180.037, -177.701, 13.716, 31.465
-180.031, -178.157, 13.693, 31.498
-180.024, -178.613, 13.669, 31.531
-180.018, -179.068, 13.646, 31.564
-180.011, -179.523, 13.623, 31.597
-180.004, -179.976, 13.600, 31.630
-179.998, -180.429, 13.577, 31.663
-179.991, -180.881, 13.555, 31.696
-179.984, -181.332, 13.532, 31.729
-179.977, -181.782, 13.510, 31.762
-179.970, -182.232, 13.488, 31.795
-179.963, -182.681, 13.466, 31.828
-179.956, -183.129, 13.444, 31.861
-179.949, -183.577, 13.422, 31.894
-179.942, -184.024, 13.400, 31.927
-179.935, -184.470, 13.378, 31.960
-179.928, -184.915, 13.357, 31.993
-179.920, -185.360, 13.335, 32.026
-179.913, -185.804, 13.313, 32.059
-179.905, -186.247, 13.291, 32.092
-179.898, -186.689, 13.269, 32.125
-179.890, -187.131, 13.247, 32.158
-179.882, -187.572, 13.225, 32.191
-179.874, -188.012, 13.203, 32.224
-179.865, -188.452, 13.181, 32.257
-179.857, -188.890, 13.159, 32.290
-179.847, -189.328, 13.137, 32.323
-179.838, -189.766, 13.115, 32.356
-179.827, -190.202, 13.093, 32.389
-179.816, -190.638, 13.071, 32.422
-179.803, -191.073, 13.049, 32.455
-179.790, -191.507, 13.027, 32.488
-179.775, -191.940, 13.005, 32.521
-179.759, -192.373, 12.984, 32.554
-179.741, -192.805, 12.962, 32.587
-179.721, -193.236, 12.940, 32.620
-179.700, -193.666, 12.919, 32.653
-179.676, -194.096, 12.897, 32.686
-179.650, -194.524, 12.876, 32.719
-179.622, -194.952, 12.854, 32.752
-179.592, -195.378, 12.833, 32.785
-179.559, -195.804, 12.812, 32.818
-179.523, -196.229, 12.790, 32.851
-179.485, -196.653, 12.769, 32.884
-179.443, -197.076, 12.750, 32.917
-179.399, -197.498, 12.738, 32.950
-179.352, -197.920, 12.734, 32.983
-179.301, -198.342, 12.741, 33.016
-179.247, -198.764, 12.756, 33.049
-179.190, -199.186, 12.780, 33.082
-179.129, -199.608, 12.812, 33.115
-179.064, -200.031, 12.849, 33.148
-178.996, -200.455, 12.893, 33.181
-178.924, -200.881, 12.941, 33.214
-178.849, -201.307, 12.995, 33.247
-178.769, -201.734, 13.052, 33.280
-178.685, -202.163, 13.113, 33.313
-178.598, -202.593, 13.178, 33.346
-178.506, -203.024, 13.245, 33.379
-178.410, -203.457, 13.316, 33.412
-178.310, -203.891, 13.389, 33.445
-178.206, -204.327, 13.463, 33.478
-178.097, -204.765, 13.540, 33.511
-177.984, -205.204, 13.616, 33.544
-177.867, -205.644, 13.690, 33.577
-177.746, -206.086, 13.761, 33.610
-177.620, -206.529, 13.829, 33.643
-177.491, -206.972, 13.891, 33.676
-177.357, -207.417, 13.948, 33.709
-177.219, -207.862, 14.000, 33.742
-177.077, -208.307, 14.045, 33.775
-176.931, -208.753, 14.085, 33.808
-176.781, -209.198, 14.121, 33.841
-176.628, -209.643, 14.152, 33.874
-176.471, -210.088, 14.180, 33.907
-176.310, -210.533, 14.207, 33.940
-176.146, -210.978, 14.233, 33.973
-175.979, -211.422, 14.259, 34.006
-175.808, -211.866, 14.287, 34.039
-175.634, -212.309, 14.318, 34.072
-175.456, -212.753, 14.351, 34.105
-175.276, -213.196, 14.389, 34.138
-175.092, -213.640, 14.431, 34.171
-174.904, -214.084, 14.477, 34.204
-174.714, -214.529, 14.527, 34.237
-174.520, -214.974, 14.580, 34.270
-174.324, -215.420, 14.637, 34.303
-174.124, -215.867, 14.697, 34.336
-173.921, -216.314, 14.758, 34.369
-173.715, -216.763, 14.821, 34.402
-173.506, -217.212, 14.884, 34.435
-173.294, -217.663, 14.947, 34.468
-173.079, -218.114, 15.009, 34.501
-172.861, -218.566, 15.070, 34.534
-172.641, -219.019, 15.129, 34.567
-172.418, -219.473, 15.186, 34.600
-172.193, -219.928, 15.240, 34.633
-171.965, -220.383, 15.292, 34.666
-171.734, -220.839, 15.341, 34.699
-171.502, -221.296, 15.388, 34.732
-171.267, -221.753, 15.433, 34.765
-171.030, -222.210, 15.476, 34.798
-170.791, -222.669, 15.519, 34.831
-170.550, -223.127, 15.561, 34.864
-170.307, -223.587, 15.603, 34.897
-170.062, -224.046, 15.645, 34.930
-169.815, -224.507, 15.688, 34.963
-169.566, -224.968, 15.733, 34.996
-169.315, -225.430, 15.780, 35.029
-169.063, -225.892, 15.828, 35.062
-168.808, -226.356, 15.879, 35.095
-168.551, -226.820, 15.931, 35.128
-168.293, -227.286, 15.986, 35.161
-168.032, -227.752, 16.042, 35.194
-167.770, -228.220, 16.100, 35.227
-167.505, -228.688, 16.159, 35.260
-167.239, -229.158, 16.219, 35.293
-166.970, -229.630, 16.280, 35.326
-166.700, -230.102, 16.341, 35.359
-166.428, -230.576, 16.402, 35.392
-166.154, -231.051, 16.463, 35.425
-165.878, -231.527, 16.522, 35.458
-165.600, -232.004, 16.581, 35.491
-165.321, -232.483, 16.639, 35.524
-165.039, -232.962, 16.696, 35.557
-164.756, -233.443, 16.752, 35.590
-164.472, -233.925, 16.807, 35.623
-164.185, -234.408, 16.861, 35.656
-163.897, -234.892, 16.914, 35.689
-163.608, -235.377, 16.966, 35.722
-163.316, -235.864, 17.018, 35.755
-163.024, -236.351, 17.070, 35.788
-162.729, -236.839, 17.122, 35.821
-162.433, -237.329, 17.175, 35.854
-162.136, -237.820, 17.228, 35.887
-161.837, -238.312, 17.282, 35.920
-161.536, -238.805, 17.337, 35.953
-161.234, -239.299, 17.393, 35.986
-160.930, -239.794, 17.450, 36.019
-160.625, -240.291, 17.508, 36.052
-160.319, -240.790, 17.567, 36.085
-160.010, -241.289, 17.627, 36.118
-159.701, -241.790, 17.688, 36.151
-159.389, -242.293, 17.750, 36.184
-159.076, -242.797, 17.813, 36.217
-158.762, -243.303, 17.876, 36.250
-158.446, -243.810, 17.939, 36.283
-158.129, -244.319, 18.002, 36.316
-157.811, -244.830, 18.065, 36.349
-157.491, -245.342, 18.128, 36.382
-157.170, -245.855, 18.191, 36.415
-156.847, -246.371, 18.253, 36.448
-156.523, -246.888, 18.315, 36.481
-156.199, -247.407, 18.376, 36.514
-155.873, -247.927, 18.437, 36.547
-155.545, -248.449, 18.497, 36.580
-155.217, -248.973, 18.557, 36.613
-154.888, -249.498, 18.617, 36.646
-154.558, -250.026, 18.677, 36.679
-154.227, -250.555, 18.736, 36.712
-153.895, -251.086, 18.796, 36.745
-153.563, -251.618, 18.856, 36.778
-153.229, -252.153, 18.917, 36.811
-152.895, -252.690, 18.978, 36.844
-152.561, -253.228, 19.039, 36.877
-152.226, -253.769, 19.100, 36.910
-151.890, -254.312, 19.157, 36.943
-151.555, -254.857, 19.207, 36.976
-151.219, -255.403, 19.244, 37.009
-150.884, -255.951, 19.267, 37.042
-150.550, -256.499, 19.272, 37.075
-150.217, -257.047, 19.258, 37.108
-149.886, -257.596, 19.226, 37.141
-149.558, -258.144, 19.176, 37.174
-149.231, -258.691, 19.112, 37.207
-148.908, -259.237, 19.037, 37.240
-148.588, -259.781, 18.954, 37.273
-148.272, -260.325, 18.866, 37.306
-147.959, -260.867, 18.776, 37.339
-147.650, -261.408, 18.687, 37.372
-147.346, -261.948, 18.604, 37.405
-147.045, -262.487, 18.527, 37.438
-146.748, -263.026, 18.460, 37.471
-146.455, -263.565, 18.404, 37.504
-146.166, -264.105, 18.357, 37.537
-145.880, -264.645, 18.319, 37.570
-145.599, -265.186, 18.290, 37.603
-145.322, -265.729, 18.268, 37.636
-145.049, -266.273, 18.255, 37.669
-144.780, -266.819, 18.248, 37.702
-144.515, -267.366, 18.247, 37.735
-144.254, -267.916, 18.252, 37.768
-143.997, -268.468, 18.263, 37.801
-143.744, -269.022, 18.279, 37.834
-143.495, -269.579, 18.299, 37.867
-143.250, -270.139, 18.324, 37.900
-143.009, -270.701, 18.352, 37.933
-142.772, -271.266, 18.384, 37.966
-142.539, -271.834, 18.419, 37.999
-142.310, -272.405, 18.458, 38.032
-142.085, -272.979, 18.500, 38.065
-141.864, -273.556, 18.544, 38.098
-141.647, -274.136, 18.591, 38.131
-141.433, -274.719, 18.640, 38.164
-141.224, -275.306, 18.692, 38.197
-141.018, -275.895, 18.746, 38.230
-140.816, -276.488, 18.801, 38.263
-140.617, -277.084, 18.859, 38.296
-140.423, -277.683, 18.918, 38.329
-140.231, -278.286, 18.979, 38.362
-140.044, -278.892, 19.040, 38.395
-139.859, -279.501, 19.100, 38.428
-139.679, -280.113, 19.154, 38.461
-139.502, -280.727, 19.197, 38.494
-139.328, -281.344, 19.227, 38.527
-139.159, -281.962, 19.240, 38.560
-138.993, -282.581, 19.234, 38.593
-138.831, -283.200, 19.208, 38.626
-138.673, -283.818, 19.163, 38.659
-138.520, -284.436, 19.101, 38.692
-138.370, -285.052, 19.025, 38.725
-138.225, -285.666, 18.938, 38.758
-138.084, -286.278, 18.843, 38.791
-137.946, -286.887, 18.743, 38.824
-137.813, -287.494, 18.642, 38.857
-137.684, -288.098, 18.544, 38.890
-137.558, -288.701, 18.451, 38.923
-137.436, -289.301, 18.366, 38.956
-137.318, -289.899, 18.292, 38.989
-137.203, -290.496, 18.229, 39.022
-137.092, -291.092, 18.176, 39.055
-136.984, -291.686, 18.133, 39.088
-136.878, -292.281, 18.100, 39.121
-136.776, -292.875, 18.075, 39.154
-136.676, -293.469, 18.059, 39.187
-136.579, -294.063, 18.050, 39.220
-136.485, -294.658, 18.049, 39.253
-136.394, -295.253, 18.054, 39.286
-136.304, -295.848, 18.065, 39.319
-136.218, -296.445, 18.081, 39.352
-136.133, -297.043, 18.102, 39.385
-136.052, -297.642, 18.124, 39.418
-135.972, -298.241, 18.145, 39.451
-135.895, -298.842, 18.162, 39.484
-135.821, -299.443, 18.172, 39.517
-135.748, -300.045, 18.174, 39.550
-135.679, -300.646, 18.166, 39.583
-135.612, -301.248, 18.148, 39.616
-135.548, -301.848, 18.119, 39.649
-135.486, -302.448, 18.080, 39.682
-135.427, -303.046, 18.032, 39.715
-135.371, -303.643, 17.977, 39.748
-135.318, -304.237, 17.916, 39.781
-135.268, -304.830, 17.852, 39.814
-135.220, -305.421, 17.786, 39.847
-135.175, -306.010, 17.720, 39.880
-135.134, -306.598, 17.656, 39.913
-135.095, -307.183, 17.597, 39.946
-135.059, -307.767, 17.543, 39.979
-135.025, -308.349, 17.495, 40.012
-134.995, -308.930, 17.455, 40.045
-134.968, -309.511, 17.422, 40.078
-134.943, -310.090, 17.398, 40.111
-134.921, -310.670, 17.380, 40.144
-134.903, -311.248, 17.369, 40.177
-134.887, -311.827, 17.363, 40.210
-134.873, -312.406, 17.360, 40.243
-134.863, -312.985, 17.360, 40.276
-134.856, -313.564, 17.360, 40.309
-134.851, -314.142, 17.359, 40.342
-134.850, -314.721, 17.355, 40.375
-134.851, -315.299, 17.348, 40.408
-134.855, -315.877, 17.336, 40.441
-134.863, -316.455, 17.318, 40.474
-134.873, -317.031, 17.295, 40.507
-134.886, -317.607, 17.266, 40.540
-134.902, -318.181, 17.232, 40.573
-134.921, -318.754, 17.193, 40.606
-134.943, -319.325, 17.150, 40.639
-134.967, -319.895, 17.105, 40.672
-134.995, -320.463, 17.058, 40.705
-135.026, -321.029, 17.011, 40.738
-135.060, -321.594, 16.964, 40.771
-135.096, -322.156, 16.918, 40.804
-135.136, -322.718, 16.875, 40.837
-135.179, -323.277, 16.835, 40.870
-135.225, -323.836, 16.799, 40.903
-135.273, -324.392, 16.767, 40.936
-135.325, -324.948, 16.739, 40.969
-135.380, -325.503, 16.715, 41.002
-135.438, -326.056, 16.694, 41.035
-135.500, -326.609, 16.677, 41.068
-135.564, -327.161, 16.662, 41.101
-135.632, -327.712, 16.649, 41.134
-135.702, -328.262, 16.637, 41.167
-135.776, -328.811, 16.624, 41.200
-135.854, -329.360, 16.611, 41.233
-135.934, -329.907, 16.596, 41.266
-136.018, -330.453, 16.579, 41.299
-136.105, -330.999, 16.560, 41.332
-136.195, -331.542, 16.538, 41.365
-136.288, -332.085, 16.513, 41.398
-136.385, -332.626, 16.485, 41.431
-136.485, -333.165, 16.455, 41.464
-136.589, -333.703, 16.422, 41.497
-136.696, -334.238, 16.387, 41.530
-136.806, -334.772, 16.352, 41.563
-136.919, -335.304, 16.315, 41.596
-137.036, -335.834, 16.279, 41.629
-137.156, -336.362, 16.243, 41.662
-137.280, -336.888, 16.208, 41.695
-137.407, -337.412, 16.174, 41.728
-137.537, -337.934, 16.142, 41.761
-137.672, -338.454, 16.112, 41.794
-137.810, -338.972, 16.084, 41.827
-137.951, -339.489, 16.058, 41.860
-138.096, -340.003, 16.034, 41.893
-138.245, -340.516, 16.012, 41.926
-138.398, -341.026, 15.991, 41.959
-138.555, -341.535, 15.972, 41.992
-138.715, -342.042, 15.953, 42.025
-138.880, -342.547, 15.934, 42.058
-139.048, -343.050, 15.916, 42.091
-139.220, -343.551, 15.897, 42.124
-139.397, -344.050, 15.877, 42.157
-139.577, -344.547, 15.856, 42.190
-139.761, -345.041, 15.834, 42.223
-139.950, -345.533, 15.810, 42.256
-140.142, -346.023, 15.785, 42.289
-140.339, -346.510, 15.759, 42.322
-140.539, -346.995, 15.732, 42.355
-140.744, -347.476, 15.704, 42.388
-140.952, -347.955, 15.675, 42.421
-141.164, -348.432, 15.646, 42.454
-141.380, -348.905, 15.617, 42.487
-141.599, -349.376, 15.588, 42.520
-141.822, -349.845, 15.559, 42.553
-142.048, -350.310, 15.530, 42.586
-142.277, -350.773, 15.503, 42.619
-142.510, -351.234, 15.477, 42.652
-142.745, -351.692, 15.456, 42.685
-142.984, -352.148, 15.445, 42.718
-143.225, -352.603, 15.442, 42.751
-143.469, -353.056, 15.448, 42.784
-143.716, -353.509, 15.461, 42.817
-143.966, -353.960, 15.481, 42.850
-144.218, -354.411, 15.508, 42.883
-144.473, -354.862, 15.541, 42.916
-144.730, -355.313, 15.578, 42.949
-144.990, -355.765, 15.621, 42.982
-145.252, -356.216, 15.667, 43.015
-145.516, -356.669, 15.718, 43.048
-145.782, -357.122, 15.772, 43.081
-146.050, -357.576, 15.829, 43.114
-146.320, -358.032, 15.889, 43.147
-146.592, -358.489, 15.952, 43.180
-146.865, -358.947, 16.017, 43.213
-147.140, -359.407, 16.084, 43.246
-147.417, -359.869, 16.154, 43.279
-147.695, -360.332, 16.224, 43.312
-147.974, -360.797, 16.297, 43.345
-148.255, -361.265, 16.371, 43.378
-148.537, -361.734, 16.446, 43.411
-148.821, -362.206, 16.522, 43.444
-149.105, -362.680, 16.600, 43.477
-149.391, -363.157, 16.678, 43.510
-149.678, -363.635, 16.757, 43.543
-149.966, -364.117, 16.837, 43.576
-150.255, -364.600, 16.918, 43.609
-150.546, -365.086, 17.000, 43.642
-150.837, -365.575, 17.082, 43.675
-151.129, -366.066, 17.164, 43.708
-151.422, -366.560, 17.247, 43.741
-151.716, -367.057, 17.331, 43.774
-152.011, -367.556, 17.414, 43.807
-152.308, -368.058, 17.497, 43.840
-152.605, -368.562, 17.578, 43.873
-152.902, -369.069, 17.656, 43.906
-153.201, -369.578, 17.730, 43.939
-153.501, -370.090, 17.800, 43.972
-153.801, -370.603, 17.865, 44.005
-154.101, -371.119, 17.925, 44.038
-154.403, -371.637, 17.981, 44.071
-154.704, -372.156, 18.032, 44.104
-155.006, -372.677, 18.078, 44.137
-155.309, -373.199, 18.122, 44.170
-155.611, -373.723, 18.163, 44.203
-155.914, -374.248, 18.204, 44.236
-156.217, -374.775, 18.244, 44.269
-156.521, -375.302, 18.285, 44.302
-156.825, -375.832, 18.327, 44.335
-157.129, -376.363, 18.373, 44.368
-157.434, -376.895, 18.421, 44.401
-157.739, -377.429, 18.472, 44.434
-158.045, -377.965, 18.525, 44.467
-158.352, -378.503, 18.580, 44.500
-158.659, -379.042, 18.637, 44.533
-158.967, -379.584, 18.696, 44.566
-159.275, -380.127, 18.756, 44.599
-159.584, -380.672, 18.818, 44.632
-159.894, -381.220, 18.882, 44.665
-160.205, -381.769, 18.946, 44.698
-160.516, -382.320, 19.012, 44.731
-160.828, -382.874, 19.079, 44.764
-161.141, -383.430, 19.147, 44.797
-161.455, -383.988, 19.216, 44.830
-161.769, -384.548, 19.286, 44.863
-162.084, -385.111, 19.357, 44.896
-162.400, -385.676, 19.428, 44.929
-162.716, -386.243, 19.500, 44.962
-163.033, -386.812, 19.573, 44.995
-163.351, -387.385, 19.646, 45.028
-163.670, -387.959, 19.720, 45.061
-163.989, -388.536, 19.794, 45.094
-164.308, -389.115, 19.869, 45.127
-164.628, -389.697, 19.944, 45.160
-164.949, -390.282, 20.019, 45.193
-165.270, -390.869, 20.093, 45.226
-165.592, -391.459, 20.168, 45.259
-165.914, -392.051, 20.241, 45.292
-166.236, -392.646, 20.313, 45.325
-166.559, -393.243, 20.384, 45.358
-166.881, -393.843, 20.453, 45.391
-167.204, -394.445, 20.520, 45.424
-167.527, -395.050, 20.587, 45.457
-167.850, -395.658, 20.651, 45.490
-168.173, -396.267, 20.715, 45.523
-168.496, -396.880, 20.778, 45.556
-168.818, -397.494, 20.840, 45.589
-169.141, -398.111, 20.902, 45.622
-169.463, -398.731, 20.964, 45.655
-169.784, -399.353, 21.027, 45.688
-170.106, -399.977, 21.090, 45.721
-170.427, -400.605, 21.154, 45.754
-170.748, -401.234, 21.219, 45.787
-171.068, -401.867, 21.283, 45.820
-171.387, -402.502, 21.343, 45.853
-171.706, -403.139, 21.393, 45.886
-172.024, -403.778, 21.429, 45.919
-172.341, -404.419, 21.448, 45.952
-172.656, -405.060, 21.447, 45.985
-172.969, -405.702, 21.423, 46.018
-173.280, -406.343, 21.378, 46.051
-173.588, -406.982, 21.314, 46.084
-173.893, -407.621, 21.233, 46.117
-174.195, -408.257, 21.139, 46.150
-174.494, -408.891, 21.035, 46.183
-174.790, -409.523, 20.926, 46.216
-175.082, -410.152, 20.814, 46.249
-175.371, -410.778, 20.703, 46.282
-175.657, -411.403, 20.597, 46.315
-175.939, -412.025, 20.499, 46.348
-176.219, -412.646, 20.412, 46.381
-176.495, -413.265, 20.334, 46.414
-176.769, -413.883, 20.267, 46.447
-177.040, -414.500, 20.209, 46.480
-177.308, -415.117, 20.159, 46.513
-177.574, -415.733, 20.119, 46.546
-177.838, -416.349, 20.086, 46.579
-178.099, -416.965, 20.062, 46.612
-178.359, -417.581, 20.044, 46.645
-178.616, -418.197, 20.034, 46.678
-178.871, -418.815, 20.029, 46.711
-179.125, -419.433, 20.031, 46.744
-179.377, -420.052, 20.038, 46.777
-179.627, -420.672, 20.050, 46.810
-179.876, -421.293, 20.066, 46.843
-180.122, -421.915, 20.086, 46.876
-180.368, -422.540, 20.109, 46.909
-180.611, -423.165, 20.130, 46.942
-180.853, -423.792, 20.147, 46.975
-181.093, -424.419, 20.158, 47.008
-181.331, -425.048, 20.160, 47.041
-181.566, -425.677, 20.151, 47.074
-181.799, -426.307, 20.131, 47.107
-182.029, -426.936, 20.099, 47.140
-182.256, -427.565, 20.056, 47.173
-182.480, -428.193, 20.004, 47.206
-182.700, -428.820, 19.942, 47.239
-182.917, -429.446, 19.875, 47.272
-183.130, -430.071, 19.803, 47.305
-183.339, -430.694, 19.732, 47.338
-183.545, -431.317, 19.667, 47.371
-183.747, -431.939, 19.612, 47.404
-183.945, -432.560, 19.566, 47.437
-184.139, -433.182, 19.529, 47.470
-184.330, -433.803, 19.499, 47.503
-184.518, -434.425, 19.478, 47.536
-184.702, -435.047, 19.463, 47.569
-184.883, -435.670, 19.455, 47.602
-185.061, -436.294, 19.453, 47.635
-185.235, -436.919, 19.458, 47.668
-185.407, -437.544, 19.467, 47.701
-185.576, -438.172, 19.482, 47.734
-185.742, -438.800, 19.501, 47.767
-185.905, -439.430, 19.525, 47.800
-186.066, -440.062, 19.552, 47.833
-186.225, -440.695, 19.584, 47.866
-186.382, -441.330, 19.619, 47.899
-186.536, -441.967, 19.657, 47.932
-186.689, -442.605, 19.698, 47.965
-186.840, -443.245, 19.741, 47.998
-186.989, -443.888, 19.788, 48.031
-187.137, -444.532, 19.837, 48.064
-187.284, -445.178, 19.888, 48.097
-187.429, -445.827, 19.940, 48.130
-187.574, -446.477, 19.995, 48.163
-187.717, -447.130, 20.052, 48.196
-187.859, -447.785, 20.110, 48.229
-188.001, -448.442, 20.169, 48.262
-188.142, -449.101, 20.230, 48.295
-188.283, -449.762, 20.292, 48.328
-188.423, -450.426, 20.355, 48.361
-188.562, -451.091, 20.420, 48.394
-188.702, -451.759, 20.485, 48.427
-188.841, -452.430, 20.551, 48.460
-188.979, -453.102, 20.618, 48.493
-189.118, -453.777, 20.685, 48.526
-189.257, -454.455, 20.753, 48.559
-189.395, -455.135, 20.822, 48.592
-189.533, -455.817, 20.891, 48.625
-189.672, -456.501, 20.961, 48.658
-189.810, -457.188, 21.031, 48.691
-189.949, -457.877, 21.102, 48.724
-190.087, -458.569, 21.173, 48.757
-190.225, -459.263, 21.245, 48.790
-190.364, -459.959, 21.316, 48.823
-190.502, -460.658, 21.388, 48.856
-190.641, -461.359, 21.460, 48.889
-190.779, -462.063, 21.533, 48.922
-190.918, -462.769, 21.606, 48.955
-191.056, -463.478, 21.678, 48.988
-191.195, -464.189, 21.751, 49.021
-191.333, -464.903, 21.824, 49.054
-191.471, -465.619, 21.897, 49.087
-191.609, -466.337, 21.971, 49.120
-191.748, -467.058, 22.044, 49.153
-191.886, -467.782, 22.117, 49.186
-192.023, -468.508, 22.191, 49.219
-192.161, -469.237, 22.264, 49.252
-192.299, -469.968, 22.337, 49.285
-192.436, -470.702, 22.411, 49.318
-192.573, -471.438, 22.484, 49.351
-192.710, -472.177, 22.557, 49.384
-192.847, -472.918, 22.630, 49.417
-192.983, -473.662, 22.701, 49.450
-193.119, -474.408, 22.765, 49.483
-193.255, -475.156, 22.821, 49.516
-193.390, -475.905, 22.865, 49.549
-193.525, -476.656, 22.895, 49.582
-193.659, -477.408, 22.909, 49.615
-193.792, -478.159, 22.906, 49.648
-193.925, -478.910, 22.886, 49.681
-194.056, -479.660, 22.850, 49.714
-194.187, -480.408, 22.802, 49.747
-194.316, -481.155, 22.745, 49.780
-194.445, -481.900, 22.682, 49.813
-194.572, -482.642, 22.616, 49.846
-194.699, -483.383, 22.550, 49.879
-194.824, -484.122, 22.488, 49.912
-194.949, -484.859, 22.432, 49.945
-195.072, -485.595, 22.384, 49.978
-195.195, -486.330, 22.344, 50.011
-195.317, -487.063, 22.311, 50.044
-195.438, -487.796, 22.284, 50.077
-195.559, -488.529, 22.264, 50.110
-195.679, -489.261, 22.250, 50.143
-195.798, -489.993, 22.241, 50.176
-195.917, -490.725, 22.238, 50.209
-196.035, -491.457, 22.240, 50.242
-196.153, -492.189, 22.246, 50.275
-196.271, -492.922, 22.257, 50.308
-196.389, -493.655, 22.271, 50.341
-196.506, -494.389, 22.289, 50.374
-196.622, -495.123, 22.311, 50.407
-196.739, -495.859, 22.336, 50.440
-196.855, -496.595, 22.363, 50.473
-196.971, -497.332, 22.394, 50.506
-197.087, -498.071, 22.426, 50.539
-197.203, -498.811, 22.462, 50.572
-197.318, -499.552, 22.499, 50.605
-197.434, -500.294, 22.538, 50.638
-197.549, -501.037, 22.577, 50.671
-197.664, -501.782, 22.613, 50.704
-197.779, -502.528, 22.645, 50.737
-197.894, -503.275, 22.671, 50.770
-198.008, -504.022, 22.689, 50.803
-198.123, -504.770, 22.700, 50.836
-198.236, -505.518, 22.701, 50.869
-198.350, -506.266, 22.693, 50.902
-198.462, -507.013, 22.676, 50.935
-198.575, -507.760, 22.652, 50.968
-198.687, -508.505, 22.622, 51.001
-198.798, -509.250, 22.588, 51.034
-198.909, -509.993, 22.552, 51.067
-199.019, -510.736, 22.516, 51.100
-199.128, -511.477, 22.481, 51.133
-199.237, -512.217, 22.449, 51.166
-199.346, -512.957, 22.423, 51.199
-199.453, -513.696, 22.402, 51.232
-199.561, -514.434, 22.388, 51.265
-199.668, -515.173, 22.379, 51.298
-199.774, -515.911, 22.375, 51.331
-199.880, -516.649, 22.377, 51.364
-199.986, -517.388, 22.383, 51.397
-200.091, -518.127, 22.393, 51.430
-200.196, -518.867, 22.407, 51.463
-200.301, -519.607, 22.424, 51.496
-200.405, -520.348, 22.445, 51.529
-200.509, -521.090, 22.468, 51.562
-200.613, -521.832, 22.492, 51.595
-200.716, -522.576, 22.516, 51.628
-200.819, -523.320, 22.538, 51.661
-200.922, -524.064, 22.557, 51.694
-201.025, -524.810, 22.571, 51.727
-201.127, -525.556, 22.580, 51.760
-201.229, -526.301, 22.579, 51.793
-201.330, -527.047, 22.567, 51.826
-201.431, -527.791, 22.543, 51.859
-201.531, -528.535, 22.506, 51.892
-201.631, -529.277, 22.458, 51.925
-201.730, -530.017, 22.399, 51.958
-201.828, -530.755, 22.330, 51.991
-201.926, -531.490, 22.255, 52.024
-202.023, -532.223, 22.175, 52.057
-202.119, -532.953, 22.092, 52.090
-202.215, -533.681, 22.008, 52.123
-202.310, -534.406, 21.927, 52.156
-202.404, -535.128, 21.849, 52.189
-202.497, -535.848, 21.777, 52.222
-202.590, -536.566, 21.712, 52.255
-202.682, -537.283, 21.656, 52.288
-202.774, -537.997, 21.608, 52.321
-202.865, -538.711, 21.568, 52.354
-202.955, -539.424, 21.536, 52.387
-203.046, -540.135, 21.510, 52.420
-203.135, -540.846, 21.492, 52.453
-203.224, -541.557, 21.479, 52.486
-203.313, -542.268, 21.473, 52.519
-203.402, -542.978, 21.470, 52.552
-203.490, -543.689, 21.470, 52.585
-203.578, -544.399, 21.470, 52.618
-203.665, -545.110, 21.467, 52.651
-203.753, -545.820, 21.461, 52.684
-203.839, -546.530, 21.448, 52.717
-203.926, -547.240, 21.430, 52.750
-204.012, -547.948, 21.403, 52.783
-204.097, -548.655, 21.369, 52.816
-204.182, -549.362, 21.327, 52.849
-204.266, -550.066, 21.279, 52.882
-204.350, -550.769, 21.225, 52.915
-204.434, -551.470, 21.166, 52.948
-204.516, -552.168, 21.104, 52.981
-204.599, -552.865, 21.040, 53.014
-204.680, -553.560, 20.975, 53.047
-204.761, -554.252, 20.912, 53.080
-204.842, -554.943, 20.851, 53.113
-204.921, -555.632, 20.794, 53.146
-205.001, -556.319, 20.742, 53.179
-205.080, -557.005, 20.695, 53.212
-205.158, -557.689, 20.654, 53.245
-205.236, -558.372, 20.619, 53.278
-205.313, -559.055, 20.590, 53.311
-205.390, -559.736, 20.567, 53.344
-205.466, -560.417, 20.548, 53.377
-205.542, -561.098, 20.532, 53.410
-205.618, -561.778, 20.519, 53.443
-205.693, -562.458, 20.507, 53.476
-205.768, -563.137, 20.494, 53.509
-205.842, -563.816, 20.479, 53.542
-205.916, -564.494, 20.462, 53.575
-205.990, -565.172, 20.441, 53.608
-206.063, -565.849, 20.415, 53.641
-206.135, -566.525, 20.385, 53.674
-206.208, -567.199, 20.351, 53.707
-206.279, -567.873, 20.311, 53.740
-206.351, -568.545, 20.268, 53.773
-206.421, -569.216, 20.222, 53.806
-206.491, -569.884, 20.173, 53.839
-206.561, -570.552, 20.122, 53.872
-206.630, -571.217, 20.070, 53.905
-206.699, -571.882, 20.019, 53.938
-206.767, -572.544, 19.968, 53.971
-206.834, -573.205, 19.920, 54.004
-206.901, -573.864, 19.874, 54.037
-206.968, -574.522, 19.831, 54.070
-207.034, -575.179, 19.791, 54.103
-207.099, -575.834, 19.756, 54.136
-207.164, -576.489, 19.724, 54.169
-207.229, -577.143, 19.696, 54.202
-207.293, -577.795, 19.670, 54.235
-207.357, -578.448, 19.647, 54.268
-207.420, -579.099, 19.626, 54.301
-207.483, -579.750, 19.606, 54.334
-207.545, -580.400, 19.586, 54.367
-207.607, -581.049, 19.565, 54.400
-207.668, -581.698, 19.543, 54.433
-207.729, -582.346, 19.520, 54.466
-207.790, -582.994, 19.493, 54.499
-207.850, -583.640, 19.465, 54.532
-207.910, -584.285, 19.433, 54.565
-207.969, -584.929, 19.399, 54.598
-208.027, -585.572, 19.362, 54.631
-208.085, -586.214, 19.323, 54.664
-208.143, -586.854, 19.283, 54.697
-208.200, -587.494, 19.241, 54.730
-208.257, -588.131, 19.198, 54.763
-208.313, -588.768, 19.155, 54.796
-208.368, -589.402, 19.112, 54.829
-208.423, -590.036, 19.071, 54.862
-208.478, -590.668, 19.031, 54.895
-208.532, -591.299, 18.992, 54.928
-208.585, -591.929, 18.956, 54.961
-208.638, -592.558, 18.921, 54.994
-208.691, -593.186, 18.889, 55.027
-208.743, -593.812, 18.859, 55.060
-208.794, -594.438, 18.831, 55.093
-208.845, -595.063, 18.804, 55.126
-208.896, -595.688, 18.779, 55.159
-208.946, -596.311, 18.754, 55.192
-208.995, -596.934, 18.730, 55.225
-209.044, -597.555, 18.706, 55.258
-209.093, -598.177, 18.681, 55.291
-209.141, -598.797, 18.655, 55.324
-209.188, -599.416, 18.628, 55.357
-209.235, -600.035, 18.600, 55.390
-209.282, -600.652, 18.570, 55.423
-209.328, -601.269, 18.539, 55.456
-209.373, -601.884, 18.506, 55.489
-209.418, -602.498, 18.472, 55.522
-209.463, -603.112, 18.436, 55.555
-209.506, -603.724, 18.400, 55.588
-209.550, -604.334, 18.363, 55.621
-209.592, -604.944, 18.327, 55.654
-209.634, -605.552, 18.290, 55.687
-209.676, -606.160, 18.253, 55.720
-209.717, -606.766, 18.218, 55.753
-209.757, -607.371, 18.183, 55.786
-209.797, -607.975, 18.149, 55.819
-209.837, -608.578, 18.117, 55.852
-209.875, -609.180, 18.085, 55.885
-209.913, -609.780, 18.055, 55.918
-209.951, -610.380, 18.026, 55.951
-209.988, -610.979, 17.999, 55.984
-210.024, -611.578, 17.971, 56.017
-210.060, -612.175, 17.945, 56.050
-210.095, -612.771, 17.919, 56.083
-210.130, -613.367, 17.892, 56.116
-210.164, -613.962, 17.866, 56.149
-210.198, -614.556, 17.839, 56.182
-210.230, -615.149, 17.812, 56.215
-210.263, -615.741, 17.784, 56.248
-210.294, -616.332, 17.755, 56.281
-210.325, -616.923, 17.726, 56.314
-210.356, -617.512, 17.695, 56.347
-210.385, -618.100, 17.664, 56.380
-210.414, -618.688, 17.632, 56.413
-210.443, -619.274, 17.600, 56.446
-210.471, -619.859, 17.567, 56.479
-210.498, -620.443, 17.534, 56.512
-210.524, -621.026, 17.501, 56.545
-210.550, -621.608, 17.469, 56.578
-210.575, -622.189, 17.437, 56.611
-210.599, -622.769, 17.405, 56.644
-210.623, -623.348, 17.374, 56.677
-210.646, -623.926, 17.343, 56.710
-210.668, -624.503, 17.313, 56.743
-210.689, -625.078, 17.284, 56.776
-210.710, -625.654, 17.255, 56.809
-210.730, -626.228, 17.227, 56.842
-210.749, -626.801, 17.200, 56.875
-210.768, -627.373, 17.173, 56.908
-210.785, -627.945, 17.146, 56.941
-210.802, -628.515, 17.119, 56.974
-210.818, -629.085, 17.092, 57.007
-210.833, -629.654, 17.065, 57.040
-210.848, -630.222, 17.038, 57.073
-210.861, -630.789, 17.011, 57.106
-210.874, -631.355, 16.983, 57.139
-210.886, -631.921, 16.955, 57.172
-210.897, -632.485, 16.926, 57.205
-210.907, -633.048, 16.897, 57.238
-210.916, -633.611, 16.868, 57.271
-210.925, -634.172, 16.838, 57.304
-210.932, -634.732, 16.808, 57.337
-210.938, -635.292, 16.778, 57.370
-210.944, -635.850, 16.748, 57.403
-210.948, -636.408, 16.718, 57.436
-210.952, -636.964, 16.688, 57.469
-210.954, -637.520, 16.659, 57.502
-210.955, -638.074, 16.630, 57.535
-210.956, -638.628, 16.601, 57.568
-210.955, -639.181, 16.572, 57.601
-210.953, -639.732, 16.544, 57.634
-210.949, -640.283, 16.517, 57.667
-210.945, -640.833, 16.489, 57.700
-210.940, -641.382, 16.462, 57.733
-210.933, -641.930, 16.435, 57.766
-210.925, -642.477, 16.409, 57.799
-210.915, -643.023, 16.382, 57.832
-210.905, -643.568, 16.356, 57.865
-210.893, -644.113, 16.329, 57.898
-210.879, -644.656, 16.303, 57.931
-210.864, -645.199, 16.276, 57.964
-210.848, -645.740, 16.249, 57.997
-210.830, -646.281, 16.222, 58.030
-210.810, -646.821, 16.194, 58.063
-210.789, -647.359, 16.167, 58.096
-210.766, -647.897, 16.139, 58.129
-210.741, -648.434, 16.112, 58.162
-210.714, -648.969, 16.084, 58.195
-210.686, -649.504, 16.056, 58.228
-210.655, -650.037, 16.028, 58.261
-210.623, -650.570, 16.000, 58.294
-210.588, -651.101, 15.972, 58.327
-210.551, -651.632, 15.944, 58.360
-210.512, -652.161, 15.917, 58.393
-210.471, -652.689, 15.889, 58.426
-210.427, -653.216, 15.862, 58.459
-210.380, -653.742, 15.835, 58.492
-210.330, -654.266, 15.808, 58.525
-210.278, -654.790, 15.782, 58.558
-210.223, -655.312, 15.755, 58.591
-210.165, -655.834, 15.729, 58.624
-210.103, -656.354, 15.703, 58.657
-210.039, -656.872, 15.677, 58.690
-209.972, -657.390, 15.652, 58.723
-209.902, -657.906, 15.626, 58.756
-209.829, -658.421, 15.600, 58.789
-209.753, -658.935, 15.575, 58.822
-209.675, -659.447, 15.550, 58.855
-209.593, -659.958, 15.524, 58.888
-209.508, -660.468, 15.499, 58.921
-209.421, -660.976, 15.473, 58.954
-209.331, -661.483, 15.447, 58.987
-209.239, -661.989, 15.422, 59.020
-209.143, -662.493, 15.396, 59.053
-209.046, -662.996, 15.370, 59.086
-208.946, -663.498, 15.344, 59.119
-208.844, -663.998, 15.318, 59.152
-208.740, -664.497, 15.292, 59.185
-208.634, -664.995, 15.266, 59.218
-208.526, -665.491, 15.240, 59.251
-208.416, -665.987, 15.214, 59.284
-208.304, -666.480, 15.187, 59.317
-208.190, -666.973, 15.161, 59.350
-208.075, -667.464, 15.136, 59.383
-207.959, -667.954, 15.110, 59.416
-207.841, -668.443, 15.084, 59.449
-207.721, -668.931, 15.059, 59.482
-207.600, -669.417, 15.033, 59.515
-207.478, -669.903, 15.008, 59.548
-207.355, -670.387, 14.983, 59.581
-207.230, -670.870, 14.958, 59.614
-207.104, -671.351, 14.933, 59.647
-206.977, -671.832, 14.908, 59.680
-206.849, -672.311, 14.884, 59.713
-206.720, -672.790, 14.859, 59.746
-206.590, -673.267, 14.834, 59.779
-206.458, -673.743, 14.810, 59.812
-206.326, -674.218, 14.785, 59.845
-206.192, -674.692, 14.760, 59.878
-206.058, -675.164, 14.736, 59.911
-205.922, -675.636, 14.711, 59.944
-205.785, -676.106, 14.686, 59.977
-205.647, -676.575, 14.662, 60.010
-205.508, -677.043, 14.637, 60.043
-205.368, -677.509, 14.612, 60.076
-205.227, -677.975, 14.587, 60.109
-205.084, -678.439, 14.563, 60.142
-204.941, -678.902, 14.538, 60.175
-204.796, -679.364, 14.513, 60.208
-204.649, -679.824, 14.489, 60.241
-204.502, -680.283, 14.464, 60.274
-204.353, -680.741, 14.440, 60.307
-204.203, -681.198, 14.416, 60.340
-204.051, -681.653, 14.391, 60.373
-203.898, -682.107, 14.367, 60.406
-203.743, -682.559, 14.343, 60.439
-203.587, -683.010, 14.319, 60.472
-203.429, -683.460, 14.295, 60.505
-203.270, -683.909, 14.271, 60.538
-203.109, -684.356, 14.248, 60.571
-202.947, -684.801, 14.224, 60.604
-202.782, -685.245, 14.200, 60.637
-202.617, -685.688, 14.176, 60.670
-202.449, -686.129, 14.153, 60.703
-202.280, -686.568, 14.129, 60.736
-202.108, -687.007, 14.106, 60.769
-201.935, -687.443, 14.082, 60.802
-201.761, -687.878, 14.058, 60.835
-201.584, -688.311, 14.035, 60.868
-201.405, -688.743, 14.011, 60.901
-201.225, -689.173, 13.988, 60.934
-201.042, -689.601, 13.964, 60.967
-200.857, -690.028, 13.941, 61.000
-200.671, -690.452, 13.917, 61.033
-200.482, -690.875, 13.894, 61.066
-200.292, -691.297, 13.870, 61.099
-200.099, -691.716, 13.847, 61.132
-199.904, -692.134, 13.824, 61.165
-199.707, -692.549, 13.800, 61.198
-199.508, -692.963, 13.777, 61.231
-199.306, -693.375, 13.754, 61.264
-199.103, -693.785, 13.731, 61.297
-198.897, -694.193, 13.708, 61.330
-198.689, -694.599, 13.685, 61.363
-198.478, -695.003, 13.662, 61.396
-198.266, -695.405, 13.640, 61.429
-198.051, -695.805, 13.617, 61.462
-197.833, -696.202, 13.594, 61.495
-197.614, -696.598, 13.571, 61.528
-197.392, -696.991, 13.549, 61.561
-197.167, -697.382, 13.526, 61.594
-196.941, -697.771, 13.504, 61.627
-196.711, -698.157, 13.481, 61.660
-196.480, -698.542, 13.458, 61.693
-196.246, -698.924, 13.436, 61.726
-196.009, -699.303, 13.413, 61.759
-195.770, -699.680, 13.391, 61.792
-195.529, -700.054, 13.369, 61.825
-195.285, -700.426, 13.346, 61.858
-195.039, -700.796, 13.324, 61.891
-194.790, -701.163, 13.302, 61.924
-194.539, -701.527, 13.279, 61.957
-194.285, -701.889, 13.257, 61.990
-194.029, -702.248, 13.235, 62.023
-193.770, -702.604, 13.213, 62.056
-193.508, -702.957, 13.191, 62.089
-193.244, -703.308, 13.169, 62.122
-192.978, -703.656, 13.147, 62.155
-192.709, -704.001, 13.125, 62.188
-192.438, -704.343, 13.103, 62.221
-192.164, -704.682, 13.081, 62.254
-191.887, -705.018, 13.059, 62.287
-191.608, -705.351, 13.037, 62.320
-191.327, -705.680, 13.015, 62.353
-191.043, -706.007, 12.994, 62.386
-190.756, -706.331, 12.972, 62.419
-190.467, -706.651, 12.950, 62.452
-190.176, -706.968, 12.929, 62.485
-189.882, -707.282, 12.907, 62.518
-189.585, -707.593, 12.886, 62.551
-189.286, -707.900, 12.864, 62.584
-188.985, -708.204, 12.843, 62.617
-188.682, -708.504, 12.821, 62.650
-188.376, -708.801, 12.800, 62.683
-188.067, -709.095, 12.778, 62.716
-187.756, -709.385, 12.757, 62.749
-187.443, -709.671, 12.736, 62.782
-187.128, -709.954, 12.715, 62.815
-186.811, -710.233, 12.694, 62.848
-186.491, -710.509, 12.673, 62.881
-186.169, -710.781, 12.651, 62.914
-185.844, -711.049, 12.630, 62.947
-185.518, -711.314, 12.609, 62.980
-185.190, -711.574, 12.589, 63.013
-184.859, -711.831, 12.568, 63.046
-184.527, -712.084, 12.547, 63.079
-184.192, -712.334, 12.526, 63.112
-183.855, -712.579, 12.505, 63.145
-183.517, -712.821, 12.484, 63.178
-183.176, -713.058, 12.463, 63.211
-182.834, -713.292, 12.443, 63.244
-182.490, -713.522, 12.422, 63.277
-182.144, -713.748, 12.401, 63.310
-181.797, -713.970, 12.381, 63.343
-181.448, -714.188, 12.360, 63.376
-181.097, -714.403, 12.340, 63.409
-180.744, -714.613, 12.319, 63.442
-180.390, -714.819, 12.299, 63.475
-180.035, -715.021, 12.278, 63.508
-179.678, -715.220, 12.258, 63.541
-179.320, -715.414, 12.238, 63.574
-178.960, -715.604, 12.218, 63.607
-178.599, -715.791, 12.197, 63.640
-178.237, -715.973, 12.177, 63.673
-177.873, -716.152, 12.157, 63.706
-177.508, -716.327, 12.137, 63.739
-177.143, -716.497, 12.117, 63.772
-176.776, -716.664, 12.096, 63.805
-176.408, -716.827, 12.076, 63.838
-176.039, -716.986, 12.056, 63.871
-175.670, -717.141, 12.037, 63.904
-175.299, -717.293, 12.017, 63.937
-174.928, -717.440, 11.997, 63.970
-174.555, -717.584, 11.977, 64.003
-174.182, -717.724, 11.957, 64.036
-173.809, -717.861, 11.938, 64.069
-173.435, -717.993, 11.918, 64.102
-173.060, -718.122, 11.899, 64.135
-172.684, -718.247, 11.879, 64.168
-172.308, -718.369, 11.859, 64.201
-171.932, -718.487, 11.840, 64.234
-171.555, -718.601, 11.820, 64.267
-171.178, -718.711, 11.800, 64.300
-170.800, -718.818, 11.781, 64.333
-170.422, -718.921, 11.761, 64.366
-170.043, -719.020, 11.741, 64.399
-169.665, -719.115, 11.722, 64.432
-169.286, -719.207, 11.702, 64.465
-168.907, -719.294, 11.682, 64.498
-168.527, -719.378, 11.663, 64.531
-168.147, -719.458, 11.643, 64.564
-167.768, -719.534, 11.624, 64.597
-167.388, -719.606, 11.605, 64.630
-167.008, -719.673, 11.585, 64.663
-166.628, -719.737, 11.566, 64.696
-166.248, -719.797, 11.547, 64.729
-165.868, -719.853, 11.528, 64.762
-165.488, -719.904, 11.509, 64.795
-165.108, -719.952, 11.490, 64.828
-164.729, -719.995, 11.472, 64.861
-164.349, -720.035, 11.456, 64.894
-163.970, -720.070, 11.443, 64.927
-163.590, -720.101, 11.435, 64.960
-163.210, -720.128, 11.435, 64.993
-162.830, -720.151, 11.444, 65.026
-162.448, -720.169, 11.462, 65.059
-162.066, -720.184, 11.490, 65.092
-161.683, -720.195, 11.525, 65.125
-161.297, -720.201, 11.567, 65.158
-160.911, -720.204, 11.616, 65.191
-160.522, -720.202, 11.670, 65.224
-160.132, -720.196, 11.729, 65.257
-159.739, -720.186, 11.792, 65.290
-159.345, -720.172, 11.858, 65.323
-158.948, -720.154, 11.925, 65.356
-158.550, -720.131, 11.993, 65.389
-158.149, -720.104, 12.059, 65.422
-157.747, -720.073, 12.122, 65.455
-157.344, -720.037, 12.182, 65.488
-156.938, -719.997, 12.238, 65.521
-156.532, -719.952, 12.289, 65.554
-156.124, -719.904, 12.334, 65.587
-155.716, -719.850, 12.375, 65.620
-155.307, -719.793, 12.410, 65.653
-154.898, -719.731, 12.442, 65.686
-154.488, -719.665, 12.470, 65.719
-154.079, -719.595, 12.496, 65.752
-153.669, -719.520, 12.520, 65.785
-153.259, -719.441, 12.543, 65.818
-152.849, -719.358, 12.567, 65.851
-152.440, -719.271, 12.592, 65.884
-152.030, -719.180, 12.620, 65.917
-151.620, -719.084, 12.650, 65.950
-151.210, -718.985, 12.683, 65.983
-150.799, -718.881, 12.720, 66.016
-150.388, -718.773, 12.760, 66.049
-149.977, -718.661, 12.804, 66.082
-149.566, -718.546, 12.850, 66.115
-149.154, -718.425, 12.899, 66.148
-148.741, -718.301, 12.951, 66.181
-148.327, -718.173, 13.003, 66.214
-147.913, -718.041, 13.057, 66.247
-147.499, -717.904, 13.111, 66.280
-147.084, -717.764, 13.165, 66.313
-146.668, -717.619, 13.218, 66.346
-146.252, -717.471, 13.270, 66.379
-145.836, -717.319, 13.320, 66.412
-145.419, -717.162, 13.367, 66.445
-145.003, -717.003, 13.407, 66.478
-144.587, -716.839, 13.439, 66.511
-144.171, -716.672, 13.460, 66.544
-143.756, -716.501, 13.468, 66.577
-143.343, -716.327, 13.463, 66.610
-142.932, -716.151, 13.444, 66.643
-142.523, -715.972, 13.412, 66.676
-142.116, -715.790, 13.370, 66.709
-141.713, -715.606, 13.319, 66.742
-141.312, -715.420, 13.261, 66.775
-140.915, -715.232, 13.200, 66.808
-140.521, -715.041, 13.137, 66.841
-140.130, -714.849, 13.075, 66.874
-139.743, -714.655, 13.016, 66.907
-139.358, -714.458, 12.963, 66.940
-138.976, -714.260, 12.916, 66.973
-138.596, -714.060, 12.877, 67.006
-138.219, -713.857, 12.846, 67.039
-137.844, -713.652, 12.825, 67.072
-137.471, -713.445, 12.811, 67.105
-137.099, -713.236, 12.806, 67.138
-136.729, -713.023, 12.806, 67.171
-136.360, -712.809, 12.812, 67.204
-135.992, -712.591, 12.820, 67.237
-135.625, -712.371, 12.830, 67.270
-135.259, -712.149, 12.839, 67.303
-134.895, -711.924, 12.846, 67.336
-134.532, -711.696, 12.850, 67.369
-134.171, -711.466, 12.850, 67.402
-133.811, -711.234, 12.845, 67.435
-133.453, -711.000, 12.834, 67.468
-133.098, -710.763, 12.817, 67.501
-132.744, -710.525, 12.796, 67.534
-132.393, -710.285, 12.770, 67.567
-132.044, -710.043, 12.739, 67.600
-131.698, -709.799, 12.706, 67.633
-131.354, -709.554, 12.671, 67.666
-131.013, -709.306, 12.636, 67.699
-130.675, -709.058, 12.600, 67.732
-130.339, -708.807, 12.565, 67.765
-130.006, -708.555, 12.533, 67.798
-129.676, -708.301, 12.503, 67.831
-129.348, -708.045, 12.476, 67.864
-129.023, -707.788, 12.453, 67.897
-128.700, -707.528, 12.433, 67.930
-128.379, -707.267, 12.416, 67.963
-128.061, -707.003, 12.403, 67.996
-127.744, -706.737, 12.392, 68.029
-127.431, -706.469, 12.383, 68.062
-127.119, -706.199, 12.375, 68.095
-126.810, -705.927, 12.367, 68.128
-126.503, -705.652, 12.360, 68.161
-126.198, -705.375, 12.352, 68.194
-125.896, -705.096, 12.343, 68.227
-125.596, -704.815, 12.332, 68.260
-125.299, -704.531, 12.320, 68.293
-125.005, -704.246, 12.305, 68.326
-124.714, -703.958, 12.288, 68.359
-124.425, -703.669, 12.270, 68.392
-124.140, -703.377, 12.249, 68.425
-123.857, -703.083, 12.227, 68.458
-123.578, -702.787, 12.204, 68.491
-123.302, -702.490, 12.181, 68.524
-123.030, -702.190, 12.156, 68.557
-122.761, -701.888, 12.132, 68.590
-122.495, -701.585, 12.109, 68.623
-122.233, -701.279, 12.086, 68.656
-121.974, -700.971, 12.064, 68.689
-121.719, -700.662, 12.043, 68.722
-121.468, -700.350, 12.023, 68.755
-121.220, -700.036, 12.005, 68.788
-120.976, -699.720, 11.988, 68.821
-120.736, -699.402, 11.972, 68.854
-120.499, -699.081, 11.957, 68.887
-120.266, -698.759, 11.942, 68.920
-120.037, -698.434, 11.929, 68.953
-119.812, -698.107, 11.915, 68.986
-119.591, -697.778, 11.902, 69.019
-119.374, -697.447, 11.889, 69.052
-119.160, -697.114, 11.875, 69.085
-118.951, -696.779, 11.861, 69.118
-118.746, -696.442, 11.846, 69.151
-118.544, -696.104, 11.831, 69.184
-118.347, -695.763, 11.815, 69.217
-118.154, -695.421, 11.798, 69.250
-117.965, -695.077, 11.784, 69.283
-117.780, -694.731, 11.775, 69.316
-117.599, -694.384, 11.774, 69.349
-117.422, -694.034, 11.782, 69.382
-117.248, -693.681, 11.800, 69.415
-117.077, -693.326, 11.826, 69.448
-116.910, -692.969, 11.860, 69.481
-116.747, -692.608, 11.901, 69.514
-116.586, -692.244, 11.948, 69.547
-116.429, -691.877, 12.001, 69.580
-116.275, -691.506, 12.058, 69.613
-116.123, -691.132, 12.120, 69.646
-115.975, -690.754, 12.186, 69.679
-115.830, -690.373, 12.254, 69.712
-115.688, -689.989, 12.325, 69.745
-115.548, -689.600, 12.395, 69.778
-115.412, -689.208, 12.463, 69.811
-115.279, -688.813, 12.529, 69.844
-115.149, -688.415, 12.591, 69.877
-115.023, -688.014, 12.649, 69.910
-114.899, -687.609, 12.701, 69.943
-114.779, -687.203, 12.748, 69.976
-114.663, -686.793, 12.790, 70.009
-114.549, -686.382, 12.827, 70.042
-114.439, -685.968, 12.859, 70.075
-114.333, -685.553, 12.887, 70.108
-114.230, -685.136, 12.913, 70.141
-114.131, -684.717, 12.937, 70.174
-114.035, -684.296, 12.961, 70.207
-113.942, -683.874, 12.985, 70.240
-113.853, -683.451, 13.011, 70.273
-113.767, -683.025, 13.039, 70.306
-113.684, -682.598, 13.070, 70.339
-113.604, -682.169, 13.104, 70.372
-113.528, -681.739, 13.143, 70.405
-113.454, -681.306, 13.184, 70.438
-113.384, -680.871, 13.230, 70.471
-113.316, -680.434, 13.278, 70.504
-113.251, -679.995, 13.330, 70.537
-113.189, -679.554, 13.383, 70.570
-113.130, -679.111, 13.438, 70.603
-113.074, -678.665, 13.495, 70.636
-113.020, -678.217, 13.551, 70.669
-112.969, -677.767, 13.608, 70.702
-112.921, -677.315, 13.663, 70.735
-112.875, -676.860, 13.717, 70.768
-112.832, -676.404, 13.770, 70.801
-112.791, -675.946, 13.821, 70.834
-112.753, -675.485, 13.869, 70.867
-112.718, -675.023, 13.916, 70.900
-112.685, -674.560, 13.960, 70.933
-112.655, -674.095, 14.003, 70.966
-112.627, -673.628, 14.044, 70.999
-112.601, -673.160, 14.084, 71.032
-112.578, -672.690, 14.124, 71.065
-112.557, -672.219, 14.163, 71.098
-112.538, -671.746, 14.202, 71.131
-112.522, -671.272, 14.241, 71.164
-112.508, -670.797, 14.282, 71.197
-112.497, -670.320, 14.324, 71.230
-112.487, -669.842, 14.367, 71.263
-112.480, -669.362, 14.412, 71.296
-112.475, -668.881, 14.458, 71.329
-112.472, -668.398, 14.507, 71.362
-112.471, -667.913, 14.556, 71.395
-112.472, -667.427, 14.607, 71.428
-112.475, -666.938, 14.660, 71.461
-112.480, -666.448, 14.713, 71.494
-112.487, -665.957, 14.767, 71.527
-112.497, -665.463, 14.821, 71.560
-112.508, -664.968, 14.875, 71.593
-112.521, -664.471, 14.929, 71.626
-112.536, -663.972, 14.983, 71.659
-112.553, -663.472, 15.037, 71.692
-112.572, -662.970, 15.090, 71.725
-112.593, -662.466, 15.141, 71.758
-112.615, -661.960, 15.193, 71.791
-112.640, -661.453, 15.243, 71.824
-112.666, -660.945, 15.292, 71.857
-112.694, -660.435, 15.341, 71.890
-112.724, -659.923, 15.390, 71.923
-112.756, -659.410, 15.438, 71.956
-112.790, -658.895, 15.486, 71.989
-112.825, -658.379, 15.533, 72.022
-112.862, -657.862, 15.582, 72.055
-112.901, -657.343, 15.630, 72.088
-112.941, -656.822, 15.679, 72.121
-112.984, -656.300, 15.729, 72.154
-113.028, -655.776, 15.780, 72.187
-113.073, -655.251, 15.831, 72.220
-113.121, -654.724, 15.884, 72.253
-113.170, -654.195, 15.937, 72.286
-113.220, -653.665, 15.991, 72.319
-113.273, -653.133, 16.045, 72.352
-113.326, -652.600, 16.101, 72.385
-113.382, -652.065, 16.157, 72.418
-113.439, -651.528, 16.213, 72.451
-113.498, -650.989, 16.270, 72.484
-113.558, -650.449, 16.326, 72.517
-113.620, -649.906, 16.383, 72.550
-113.684, -649.363, 16.439, 72.583
-113.749, -648.817, 16.496, 72.616
-113.815, -648.270, 16.552, 72.649
-113.884, -647.721, 16.608, 72.682
-113.953, -647.170, 16.664, 72.715
-114.024, -646.618, 16.719, 72.748
-114.097, -646.064, 16.774, 72.781
-114.171, -645.509, 16.829, 72.814
-114.247, -644.951, 16.884, 72.847
-114.324, -644.392, 16.938, 72.880
-114.402, -643.832, 16.993, 72.913
-114.482, -643.270, 17.048, 72.946
-114.563, -642.706, 17.103, 72.979
-114.646, -642.141, 17.158, 73.012
-114.730, -641.573, 17.214, 73.045
-114.816, -641.005, 17.270, 73.078
-114.903, -640.434, 17.327, 73.111
-114.991, -639.862, 17.384, 73.144
-115.081, -639.288, 17.442, 73.177
-115.171, -638.712, 17.500, 73.210
-115.264, -638.135, 17.559, 73.243
-115.357, -637.555, 17.618, 73.276
-115.452, -636.974, 17.678, 73.309
-115.548, -636.391, 17.738, 73.342
-115.646, -635.807, 17.799, 73.375
-115.745, -635.220, 17.859, 73.408
-115.844, -634.632, 17.920, 73.441
-115.946, -634.041, 17.981, 73.474
-116.048, -633.449, 18.043, 73.507
-116.152, -632.855, 18.104, 73.540
-116.257, -632.259, 18.165, 73.573
-116.363, -631.662, 18.226, 73.606
-116.470, -631.062, 18.287, 73.639
-116.578, -630.461, 18.348, 73.672
-116.688, -629.857, 18.409, 73.705
-116.799, -629.252, 18.470, 73.738
-116.910, -628.645, 18.530, 73.771
-117.023, -628.036, 18.591, 73.804
-117.137, -627.426, 18.650, 73.837
-117.252, -626.813, 18.704, 73.870
-117.368, -626.200, 18.749, 73.903
-117.485, -625.585, 18.781, 73.936
-117.602, -624.970, 18.797, 73.969
-117.721, -624.355, 18.794, 74.002
-117.839, -623.741, 18.771, 74.035
-117.958, -623.129, 18.729, 74.068
-118.077, -622.518, 18.671, 74.101
-118.197, -621.910, 18.599, 74.134
-118.316, -621.305, 18.516, 74.167
-118.435, -620.702, 18.426, 74.200
-118.554, -620.103, 18.331, 74.233
-118.673, -619.507, 18.235, 74.266
-118.791, -618.914, 18.142, 74.299
-118.910, -618.324, 18.054, 74.332
-119.028, -617.736, 17.975, 74.365
-119.146, -617.151, 17.905, 74.398
-119.265, -616.568, 17.847, 74.431
-119.383, -615.986, 17.800, 74.464
-119.501, -615.405, 17.762, 74.497
-119.620, -614.826, 17.735, 74.530
-119.738, -614.247, 17.716, 74.563
-119.857, -613.668, 17.705, 74.596
-119.975, -613.090, 17.703, 74.629
-120.094, -612.512, 17.707, 74.662
-120.214, -611.933, 17.719, 74.695
-120.333, -611.353, 17.735, 74.728
-120.453, -610.774, 17.755, 74.761
-120.573, -610.193, 17.775, 74.794
-120.693, -609.612, 17.793, 74.827
-120.813, -609.031, 17.806, 74.860
-120.933, -608.449, 17.813, 74.893
-121.053, -607.867, 17.810, 74.926
-121.173, -607.286, 17.798, 74.959
-121.293, -606.706, 17.776, 74.992
-121.413, -606.126, 17.743, 75.025
-121.532, -605.549, 17.702, 75.058
-121.651, -604.972, 17.653, 75.091
-121.770, -604.397, 17.598, 75.124
-121.887, -603.825, 17.538, 75.157
-122.005, -603.254, 17.476, 75.190
-122.122, -602.685, 17.414, 75.223
-122.238, -602.119, 17.352, 75.256
-122.354, -601.554, 17.294, 75.289
-122.469, -600.990, 17.240, 75.322
-122.584, -600.429, 17.191, 75.355
-122.698, -599.868, 17.150, 75.388
-122.812, -599.309, 17.115, 75.421
-122.925, -598.750, 17.088, 75.454
-123.038, -598.193, 17.068, 75.487
-123.150, -597.635, 17.054, 75.520
-123.263, -597.078, 17.046, 75.553
-123.374, -596.520, 17.041, 75.586
-123.486, -595.963, 17.039, 75.619
-123.597, -595.406, 17.038, 75.652
-123.708, -594.849, 17.036, 75.685
-123.818, -594.292, 17.032, 75.718
-123.928, -593.735, 17.024, 75.751
-124.038, -593.178, 17.012, 75.784
-124.146, -592.622, 16.996, 75.817
-124.255, -592.066, 16.973, 75.850
-124.362, -591.512, 16.946, 75.883
-124.469, -590.958, 16.914, 75.916
-124.575, -590.405, 16.877, 75.949
-124.681, -589.854, 16.837, 75.982
-124.785, -589.304, 16.794, 76.015
-124.889, -588.755, 16.750, 76.048
-124.992, -588.207, 16.705, 76.081
-125.094, -587.661, 16.661, 76.114
-125.195, -587.116, 16.618, 76.147
-125.295, -586.573, 16.577, 76.180
-125.394, -586.030, 16.539, 76.213
-125.493, -585.489, 16.504, 76.246
-125.590, -584.948, 16.473, 76.279
-125.687, -584.408, 16.446, 76.312
-125.782, -583.869, 16.423, 76.345
-125.877, -583.330, 16.403, 76.378
-125.971, -582.792, 16.386, 76.411
-126.064, -582.254, 16.370, 76.444
-126.156, -581.716, 16.357, 76.477
-126.247, -581.179, 16.343, 76.510
-126.337, -580.642, 16.330, 76.543
-126.426, -580.105, 16.316, 76.576
-126.514, -579.568, 16.300, 76.609
-126.600, -579.033, 16.282, 76.642
-126.686, -578.497, 16.262, 76.675
-126.771, -577.962, 16.239, 76.708
-126.854, -577.428, 16.214, 76.741
-126.936, -576.895, 16.186, 76.774
-127.017, -576.362, 16.156, 76.807
-127.096, -575.830, 16.124, 76.840
-127.174, -575.299, 16.091, 76.873
-127.251, -574.769, 16.056, 76.906
-127.326, -574.241, 16.022, 76.939
-127.400, -573.713, 15.987, 76.972
-127.473, -573.186, 15.953, 77.005
-127.543, -572.660, 15.920, 77.038
-127.613, -572.134, 15.889, 77.071
-127.680, -571.610, 15.859, 77.104
-127.747, -571.086, 15.831, 77.137
-127.811, -570.563, 15.805, 77.170
-127.874, -570.041, 15.780, 77.203
-127.935, -569.519, 15.758, 77.236
-127.994, -568.997, 15.737, 77.269
-128.052, -568.476, 15.717, 77.302
-128.108, -567.956, 15.697, 77.335
-128.162, -567.436, 15.678, 77.368
-128.214, -566.916, 15.659, 77.401
-128.264, -566.397, 15.640, 77.434
-128.313, -565.878, 15.620, 77.467
-128.359, -565.360, 15.599, 77.500
-128.403, -564.843, 15.578, 77.533
-128.445, -564.326, 15.555, 77.566
-128.485, -563.810, 15.530, 77.599
-128.522, -563.294, 15.505, 77.632
-128.558, -562.779, 15.478, 77.665
-128.590, -562.265, 15.451, 77.698
-128.621, -561.752, 15.423, 77.731
-128.649, -561.239, 15.394, 77.764
-128.674, -560.727, 15.365, 77.797
-128.697, -560.217, 15.336, 77.830
-128.717, -559.707, 15.308, 77.863
-128.734, -559.198, 15.280, 77.896
-128.749, -558.689, 15.252, 77.929
-128.761, -558.182, 15.226, 77.962
-128.771, -557.675, 15.200, 77.995
-128.778, -557.169, 15.175, 78.028
-128.782, -556.664, 15.151, 78.061
-128.784, -556.160, 15.128, 78.094
-128.783, -555.656, 15.106, 78.127
-128.779, -555.153, 15.084, 78.160
-128.773, -554.651, 15.063, 78.193
-128.765, -554.149, 15.042, 78.226
-128.754, -553.649, 15.021, 78.259
-128.741, -553.149, 15.000, 78.292
-128.726, -552.650, 14.979, 78.325
-128.709, -552.151, 14.957, 78.358
-128.689, -551.654, 14.935, 78.391
-128.668, -551.157, 14.912, 78.424
-128.645, -550.661, 14.889, 78.457
-128.620, -550.166, 14.865, 78.490
-128.593, -549.672, 14.840, 78.523
-128.564, -549.179, 14.815, 78.556
-128.535, -548.687, 14.790, 78.589
-128.503, -548.195, 14.764, 78.622
-128.470, -547.705, 14.739, 78.655
-128.436, -547.216, 14.713, 78.688
-128.401, -546.727, 14.687, 78.721
-128.364, -546.240, 14.662, 78.754
-128.326, -545.753, 14.637, 78.787
-128.288, -545.267, 14.612, 78.820
-128.248, -544.782, 14.588, 78.853
-128.207, -544.298, 14.564, 78.886
-128.166, -543.815, 14.541, 78.919
-128.123, -543.333, 14.518, 78.952
-128.080, -542.852, 14.495, 78.985
-128.036, -542.371, 14.473, 79.018
-127.991, -541.891, 14.451, 79.051
-127.946, -541.412, 14.430, 79.084
-127.900, -540.934, 14.408, 79.117
-127.853, -540.456, 14.386, 79.150
-127.806, -539.980, 14.365, 79.183
-127.758, -539.504, 14.343, 79.216
-127.710, -539.029, 14.321, 79.249
-127.661, -538.555, 14.298, 79.282
-127.612, -538.081, 14.276, 79.315
-127.562, -537.609, 14.253, 79.348
-127.511, -537.137, 14.230, 79.381
-127.460, -536.666, 14.207, 79.414
-127.409, -536.196, 14.183, 79.447
-127.357, -535.726, 14.160, 79.480
-127.304, -535.258, 14.136, 79.513
-127.252, -534.790, 14.113, 79.546
-127.198, -534.323, 14.089, 79.579
-127.144, -533.857, 14.066, 79.612
-127.090, -533.392, 14.042, 79.645
-127.035, -532.928, 14.019, 79.678
-126.980, -532.465, 13.997, 79.711
-126.924, -532.002, 13.974, 79.744
-126.868, -531.540, 13.951, 79.777
-126.811, -531.079, 13.929, 79.810
-126.754, -530.619, 13.907, 79.843
-126.696, -530.159, 13.885, 79.876
-126.638, -529.701, 13.864, 79.909
-126.579, -529.243, 13.842, 79.942
-126.519, -528.786, 13.821, 79.975
-126.460, -528.330, 13.799, 80.008
-126.399, -527.874, 13.778, 80.041
-126.338, -527.420, 13.756, 80.074
-126.277, -526.966, 13.734, 80.107
-126.215, -526.513, 13.713, 80.140
-126.152, -526.060, 13.691, 80.173
-126.089, -525.609, 13.669, 80.206
-126.025, -525.158, 13.647, 80.239
-125.961, -524.709, 13.625, 80.272
-125.896, -524.260, 13.603, 80.305
-125.831, -523.812, 13.581, 80.338
-125.765, -523.364, 13.559, 80.371
-125.698, -522.918, 13.537, 80.404
-125.631, -522.472, 13.515, 80.437
-125.563, -522.027, 13.493, 80.470
-125.495, -521.583, 13.471, 80.503
-125.426, -521.140, 13.449, 80.536
-125.356, -520.698, 13.427, 80.569
-125.286, -520.256, 13.406, 80.602
-125.215, -519.816, 13.384, 80.635
-125.144, -519.376, 13.363, 80.668
-125.072, -518.937, 13.342, 80.701
-124.999, -518.499, 13.320, 80.734
-124.926, -518.061, 13.299, 80.767
-124.852, -517.625, 13.278, 80.800
-124.778, -517.189, 13.257, 80.833
-124.702, -516.754, 13.236, 80.866
-124.627, -516.320, 13.215, 80.899
-124.550, -515.887, 13.194, 80.932
-124.473, -515.454, 13.173, 80.965
-124.396, -515.022, 13.152, 80.998
-124.317, -514.591, 13.131, 81.031
-124.238, -514.162, 13.110, 81.064
-124.159, -513.732, 13.089, 81.097
-124.079, -513.304, 13.068, 81.130
-123.998, -512.877, 13.047, 81.163
-123.916, -512.450, 13.026, 81.196
-123.834, -512.024, 13.005, 81.229
-123.751, -511.599, 12.984, 81.262
-123.668, -511.175, 12.963, 81.295
-123.583, -510.752, 12.942, 81.328
-123.498, -510.329, 12.922, 81.361
-123.413, -509.908, 12.901, 81.394
-123.327, -509.487, 12.880, 81.427
-123.240, -509.067, 12.860, 81.460
-123.152, -508.648, 12.839, 81.493
-123.064, -508.230, 12.819, 81.526
-122.975, -507.812, 12.798, 81.559
-122.885, -507.396, 12.778, 81.592
-122.795, -506.980, 12.758, 81.625
-122.704, -506.565, 12.737, 81.658
-122.612, -506.151, 12.717, 81.691
-122.519, -505.738, 12.697, 81.724
-122.426, -505.326, 12.676, 81.757
-122.332, -504.914, 12.656, 81.790
-122.237, -504.504, 12.636, 81.823
-122.142, -504.094, 12.616, 81.856
-122.046, -503.685, 12.596, 81.889
-121.949, -503.277, 12.575, 81.922
-121.851, -502.870, 12.555, 81.955
-121.752, -502.464, 12.535, 81.988
-121.653, -502.058, 12.515, 82.021
-121.553, -501.654, 12.495, 82.054
-121.452, -501.250, 12.475, 82.087
-121.350, -500.848, 12.455, 82.120
-121.248, -500.446, 12.435, 82.153
-121.145, -500.045, 12.415, 82.186
-121.041, -499.645, 12.395, 82.219
-120.936, -499.246, 12.375, 82.252
-120.830, -498.848, 12.355, 82.285
-120.723, -498.450, 12.336, 82.318
-120.616, -498.054, 12.316, 82.351
-120.508, -497.659, 12.296, 82.384
-120.398, -497.264, 12.277, 82.417
-120.288, -496.870, 12.257, 82.450
-120.177, -496.478, 12.237, 82.483
-120.066, -496.086, 12.218, 82.516
-119.953, -495.695, 12.198, 82.549
-119.839, -495.305, 12.179, 82.582
-119.725, -494.916, 12.159, 82.615
-119.609, -494.528, 12.140, 82.648
-119.493, -494.141, 12.121, 82.681
-119.375, -493.755, 12.101, 82.714
-119.257, -493.370, 12.082, 82.747
-119.137, -492.986, 12.063, 82.780
-119.017, -492.603, 12.043, 82.813
-118.896, -492.221, 12.024, 82.846
-118.773, -491.840, 12.005, 82.879
-118.650, -491.460, 11.986, 82.912
-118.525, -491.081, 11.967, 82.945
-118.399, -490.703, 11.948, 82.978
-118.273, -490.326, 11.929, 83.011
-118.145, -489.949, 11.910, 83.044
-118.016, -489.575, 11.891, 83.077
-117.886, -489.201, 11.872, 83.110
-117.755, -488.828, 11.853, 83.143
-117.622, -488.456, 11.835, 83.176
-117.489, -488.085, 11.816, 83.209
-117.354, -487.716, 11.797, 83.242
-117.218, -487.347, 11.778, 83.275
-117.081, -486.980, 11.759, 83.308
-116.943, -486.614, 11.741, 83.341
-116.803, -486.249, 11.722, 83.374
-116.662, -485.885, 11.703, 83.407
-116.520, -485.522, 11.685, 83.440
-116.376, -485.161, 11.666, 83.473
-116.231, -484.800, 11.647, 83.506
-116.085, -484.441, 11.629, 83.539
-115.937, -484.084, 11.610, 83.572
-115.788, -483.727, 11.592, 83.605
-115.637, -483.372, 11.573, 83.638
-115.485, -483.018, 11.555, 83.671
-115.331, -482.665, 11.536, 83.704
-115.176, -482.314, 11.518, 83.737
-115.019, -481.964, 11.499, 83.770
-114.861, -481.616, 11.481, 83.803
-114.701, -481.268, 11.463, 83.836
-114.539, -480.923, 11.445, 83.869
-114.376, -480.578, 11.426, 83.902
-114.211, -480.236, 11.408, 83.935
-114.045, -479.894, 11.390, 83.968
-113.876, -479.555, 11.372, 84.001
-113.706, -479.217, 11.353, 84.034
-113.534, -478.880, 11.335, 84.067
-113.360, -478.545, 11.317, 84.100
-113.184, -478.212, 11.299, 84.133
-113.006, -477.881, 11.281, 84.166
-112.826, -477.551, 11.263, 84.199
-112.645, -477.223, 11.245, 84.232
-112.461, -476.897, 11.227, 84.265
-112.275, -476.573, 11.209, 84.298
-112.087, -476.251, 11.191, 84.331
-111.896, -475.931, 11.173, 84.364
-111.704, -475.613, 11.155, 84.397
-111.509, -475.297, 11.137, 84.430
-111.312, -474.983, 11.119, 84.463
-111.112, -474.671, 11.101, 84.496
-110.910, -474.362, 11.083, 84.529
-110.706, -474.055, 11.066, 84.562
-110.499, -473.750, 11.048, 84.595
-110.289, -473.448, 11.030, 84.628
-110.077, -473.149, 11.012, 84.661
-109.862, -472.852, 10.995, 84.694
-109.645, -472.558, 10.977, 84.727
-109.425, -472.266, 10.960, 84.760
-109.203, -471.977, 10.942, 84.793
-108.978, -471.691, 10.925, 84.826
-108.750, -471.408, 10.908, 84.859
-108.520, -471.127, 10.891, 84.892
-108.287, -470.849, 10.874, 84.925
-108.051, -470.575, 10.857, 84.958
-107.814, -470.303, 10.840, 84.991
-107.573, -470.034, 10.823, 85.024
-107.330, -469.768, 10.806, 85.057
-107.085, -469.505, 10.789, 85.090
-106.837, -469.245, 10.772, 85.123
-106.588, -468.989, 10.755, 85.156
-106.335, -468.735, 10.738, 85.189
-106.081, -468.484, 10.721, 85.222
-105.824, -468.236, 10.705, 85.255
-105.566, -467.991, 10.694, 85.288
-105.304, -467.749, 10.691, 85.321
-105.041, -467.510, 10.695, 85.354
-104.774, -467.272, 10.710, 85.387
-104.505, -467.037, 10.734, 85.420
-104.232, -466.804, 10.767, 85.453
-103.957, -466.573, 10.809, 85.486
-103.677, -466.343, 10.858, 85.519
-103.395, -466.114, 10.912, 85.552
-103.108, -465.887, 10.971, 85.585
-102.818, -465.662, 11.033, 85.618
-102.524, -465.438, 11.096, 85.651
-102.227, -465.215, 11.159, 85.684
-101.926, -464.994, 11.220, 85.717
-101.621, -464.774, 11.279, 85.750
-101.313, -464.556, 11.335, 85.783
-101.002, -464.340, 11.386, 85.816
-100.687, -464.126, 11.432, 85.849
-100.370, -463.913, 11.474, 85.882
-100.049, -463.703, 11.511, 85.915
-99.726, -463.495, 11.543, 85.948
-99.401, -463.289, 11.572, 85.981
-99.073, -463.086, 11.598, 86.014
-98.742, -462.885, 11.622, 86.047
-98.409, -462.686, 11.645, 86.080
-98.074, -462.490, 11.667, 86.113
-97.737, -462.296, 11.690, 86.146
-97.397, -462.105, 11.715, 86.179
-97.055, -461.915, 11.742, 86.212
-96.711, -461.728, 11.772, 86.245
-96.364, -461.544, 11.804, 86.278
-96.014, -461.361, 11.840, 86.311
-95.662, -461.181, 11.878, 86.344
-95.308, -461.003, 11.920, 86.377
-94.951, -460.827, 11.964, 86.410
-94.591, -460.653, 12.009, 86.443
-94.228, -460.481, 12.057, 86.476
-93.862, -460.311, 12.106, 86.509
-93.494, -460.143, 12.155, 86.542
-93.123, -459.977, 12.204, 86.575
-92.749, -459.814, 12.253, 86.608
-92.373, -459.652, 12.302, 86.641
-91.994, -459.493, 12.349, 86.674
-91.612, -459.336, 12.394, 86.707
-91.228, -459.182, 12.439, 86.740
-90.841, -459.029, 12.481, 86.773
-90.452, -458.879, 12.522, 86.806
-90.061, -458.732, 12.562, 86.839
-89.667, -458.587, 12.600, 86.872
-89.272, -458.444, 12.638, 86.905
-88.874, -458.304, 12.674, 86.938
-88.473, -458.166, 12.711, 86.971
-88.071, -458.031, 12.747, 87.004
-87.667, -457.899, 12.784, 87.037
-87.260, -457.769, 12.821, 87.070
-86.851, -457.642, 12.859, 87.103
-86.440, -457.517, 12.898, 87.136
-86.027, -457.395, 12.938, 87.169
-85.612, -457.276, 12.979, 87.202
-85.194, -457.159, 13.022, 87.235
-84.775, -457.045, 13.066, 87.268
-84.352, -456.934, 13.111, 87.301
-83.928, -456.826, 13.156, 87.334
-83.501, -456.720, 13.203, 87.367
-83.072, -456.617, 13.250, 87.400
-82.641, -456.517, 13.297, 87.433
-82.207, -456.420, 13.345, 87.466
-81.772, -456.326, 13.393, 87.499
-81.334, -456.235, 13.440, 87.532
-80.893, -456.147, 13.487, 87.565
-80.451, -456.062, 13.534, 87.598
-80.006, -455.980, 13.581, 87.631
-79.559, -455.901, 13.626, 87.664
-79.111, -455.826, 13.667, 87.697
-78.660, -455.754, 13.704, 87.730
-78.208, -455.685, 13.732, 87.763
-77.755, -455.620, 13.750, 87.796
-77.301, -455.558, 13.755, 87.829
-76.847, -455.500, 13.747, 87.862
-76.393, -455.446, 13.727, 87.895
-75.940, -455.395, 13.694, 87.928
-75.488, -455.349, 13.651, 87.961
-75.037, -455.306, 13.599, 87.994
-74.587, -455.267, 13.541, 88.027
-74.140, -455.232, 13.479, 88.060
-73.694, -455.201, 13.415, 88.093
-73.250, -455.174, 13.353, 88.126
-72.808, -455.151, 13.293, 88.159
-72.367, -455.131, 13.238, 88.192
-71.928, -455.115, 13.190, 88.225
-71.490, -455.103, 13.148, 88.258
-71.053, -455.095, 13.116, 88.291
-70.617, -455.090, 13.091, 88.324
-70.181, -455.090, 13.075, 88.357
-69.745, -455.092, 13.066, 88.390
-69.310, -455.099, 13.063, 88.423
-68.875, -455.109, 13.065, 88.456
-68.439, -455.123, 13.071, 88.489
-68.004, -455.141, 13.078, 88.522
-67.568, -455.162, 13.084, 88.555
-67.132, -455.187, 13.090, 88.588
-66.697, -455.216, 13.092, 88.621
-66.262, -455.249, 13.090, 88.654
-65.828, -455.285, 13.083, 88.687
-65.394, -455.325, 13.072, 88.720
-64.961, -455.368, 13.054, 88.753
-64.529, -455.415, 13.032, 88.786
-64.099, -455.466, 13.005, 88.819
-63.670, -455.521, 12.974, 88.852
-63.243, -455.579, 12.940, 88.885
-62.817, -455.641, 12.903, 88.918
-62.394, -455.706, 12.866, 88.951
-61.972, -455.775, 12.828, 88.984
-61.552, -455.847, 12.792, 89.017
-61.133, -455.924, 12.757, 89.050
-60.717, -456.003, 12.724, 89.083
-60.302, -456.087, 12.695, 89.116
-59.889, -456.174, 12.669, 89.149
-59.478, -456.265, 12.646, 89.182
-59.068, -456.359, 12.626, 89.215
-58.659, -456.457, 12.609, 89.248
-58.252, -456.559, 12.596, 89.281
-57.846, -456.665, 12.584, 89.314
-57.442, -456.774, 12.574, 89.347
-57.038, -456.888, 12.565, 89.380
-56.637, -457.005, 12.556, 89.413
-56.236, -457.125, 12.546, 89.446
-55.838, -457.250, 12.536, 89.479
-55.441, -457.378, 12.524, 89.512
-55.045, -457.510, 12.511, 89.545
-54.651, -457.646, 12.495, 89.578
-54.260, -457.786, 12.478, 89.611
-53.870, -457.929, 12.458, 89.644
-53.483, -458.076, 12.437, 89.677
-53.097, -458.226, 12.414, 89.710
-52.714, -458.380, 12.389, 89.743
-52.334, -458.538, 12.364, 89.776
-51.956, -458.699, 12.338, 89.809
-51.580, -458.864, 12.312, 89.842
-51.207, -459.033, 12.286, 89.875
-50.837, -459.205, 12.261, 89.908
-50.469, -459.381, 12.236, 89.941
-50.104, -459.560, 12.213, 89.974
-49.741, -459.743, 12.190, 90.007
-49.382, -459.931, 12.169, 90.040
-49.025, -460.121, 12.150, 90.073
-48.670, -460.316, 12.131, 90.106
-48.319, -460.514, 12.114, 90.139
-47.970, -460.716, 12.097, 90.172
-47.624, -460.922, 12.082, 90.205
-47.282, -461.132, 12.066, 90.238
-46.942, -461.345, 12.051, 90.271
-46.605, -461.563, 12.036, 90.304
-46.271, -461.784, 12.021, 90.337
-45.940, -462.009, 12.005, 90.370
-45.613, -462.238, 11.989, 90.403
-45.289, -462.470, 11.972, 90.436
-44.969, -462.707, 11.955, 90.469
-44.652, -462.947, 11.936, 90.502
-44.339, -463.190, 11.918, 90.535
-44.029, -463.437, 11.898, 90.568
-43.723, -463.688, 11.878, 90.601
-43.421, -463.943, 11.858, 90.634
-43.123, -464.201, 11.837, 90.667
-42.829, -464.462, 11.816, 90.700
-42.539, -464.727, 11.796, 90.733
-42.252, -464.995, 11.777, 90.766
-41.970, -465.266, 11.758, 90.799
-41.692, -465.541, 11.742, 90.832
-41.418, -465.820, 11.728, 90.865
-41.148, -466.101, 11.717, 90.898
-40.882, -466.386, 11.711, 90.931
-40.620, -466.675, 11.709, 90.964
-40.362, -466.967, 11.712, 90.997
-40.107, -467.263, 11.721, 91.030
-39.857, -467.562, 11.735, 91.063
-39.609, -467.866, 11.754, 91.096
-39.366, -468.173, 11.780, 91.129
-39.125, -468.484, 11.811, 91.162
-38.888, -468.799, 11.848, 91.195
-38.655, -469.119, 11.889, 91.228
-38.425, -469.442, 11.936, 91.261
-38.198, -469.770, 11.986, 91.294
-37.974, -470.103, 12.039, 91.327
-37.754, -470.440, 12.094, 91.360
-37.537, -470.781, 12.150, 91.393
-37.323, -471.126, 12.207, 91.426
-37.113, -471.476, 12.264, 91.459
-36.906, -471.830, 12.319, 91.492
-36.703, -472.188, 12.373, 91.525
-36.504, -472.550, 12.424, 91.558
-36.308, -472.916, 12.473, 91.591
-36.116, -473.285, 12.519, 91.624
-35.929, -473.659, 12.561, 91.657
-35.745, -474.035, 12.601, 91.690
-35.565, -474.415, 12.638, 91.723
-35.390, -474.799, 12.674, 91.756
-35.218, -475.185, 12.707, 91.789
-35.051, -475.575, 12.739, 91.822
-34.888, -475.967, 12.771, 91.855
-34.729, -476.362, 12.803, 91.888
-34.575, -476.760, 12.835, 91.921
-34.424, -477.161, 12.869, 91.954
-34.278, -477.565, 12.904, 91.987
-34.136, -477.971, 12.941, 92.020
-33.998, -478.380, 12.979, 92.053
-33.864, -478.792, 13.020, 92.086
-33.734, -479.207, 13.063, 92.119
-33.608, -479.624, 13.108, 92.152
-33.486, -480.045, 13.154, 92.185
-33.367, -480.468, 13.202, 92.218
-33.253, -480.894, 13.252, 92.251
-33.142, -481.322, 13.302, 92.284
-33.035, -481.754, 13.352, 92.317
-32.932, -482.188, 13.403, 92.350
-32.832, -482.624, 13.454, 92.383
-32.736, -483.063, 13.504, 92.416
-32.644, -483.505, 13.554, 92.449
-32.555, -483.949, 13.603, 92.482
-32.470, -484.395, 13.650, 92.515
-32.389, -484.844, 13.697, 92.548
-32.310, -485.294, 13.743, 92.581
-32.236, -485.747, 13.787, 92.614
-32.164, -486.202, 13.831, 92.647
-32.097, -486.659, 13.874, 92.680
-32.032, -487.117, 13.916, 92.713
-31.971, -487.578, 13.958, 92.746
-31.912, -488.040, 14.000, 92.779
-31.858, -488.505, 14.042, 92.812
-31.806, -488.970, 14.084, 92.845
-31.757, -489.438, 14.127, 92.878
-31.711, -489.908, 14.171, 92.911
-31.668, -490.379, 14.216, 92.944
-31.628, -490.852, 14.261, 92.977
-31.591, -491.327, 14.308, 93.010
-31.557, -491.804, 14.355, 93.043
-31.526, -492.283, 14.404, 93.076
-31.497, -492.763, 14.453, 93.109
-31.471, -493.245, 14.503, 93.142
-31.447, -493.729, 14.554, 93.175
-31.426, -494.215, 14.605, 93.208
-31.408, -494.703, 14.657, 93.241
-31.392, -495.192, 14.708, 93.274
-31.378, -495.684, 14.760, 93.307
-31.367, -496.177, 14.811, 93.340
-31.358, -496.672, 14.862, 93.373
-31.352, -497.168, 14.913, 93.406
-31.347, -497.666, 14.964, 93.439
-31.345, -498.166, 15.014, 93.472
-31.346, -498.668, 15.063, 93.505
-31.348, -499.171, 15.113, 93.538
-31.353, -499.676, 15.162, 93.571
-31.360, -500.183, 15.211, 93.604
-31.368, -500.691, 15.260, 93.637
-31.379, -501.201, 15.309, 93.670
-31.392, -501.712, 15.358, 93.703
-31.407, -502.225, 15.407, 93.736
-31.424, -502.739, 15.457, 93.769
-31.443, -503.255, 15.507, 93.802
-31.463, -503.773, 15.557, 93.835
-31.486, -504.292, 15.608, 93.868
-31.510, -504.813, 15.659, 93.901
-31.536, -505.336, 15.711, 93.934
-31.564, -505.860, 15.764, 93.967
-31.594, -506.386, 15.817, 94.000
-31.625, -506.914, 15.870, 94.033
-31.659, -507.443, 15.924, 94.066
-31.693, -507.974, 15.979, 94.099
-31.730, -508.507, 16.033, 94.132
-31.768, -509.041, 16.088, 94.165
-31.808, -509.578, 16.143, 94.198
-31.849, -510.116, 16.198, 94.231
-31.892, -510.655, 16.253, 94.264
-31.937, -511.197, 16.308, 94.297
-31.983, -511.740, 16.363, 94.330
-32.030, -512.284, 16.418, 94.363
-32.079, -512.831, 16.473, 94.396
-32.129, -513.379, 16.528, 94.429
-32.181, -513.929, 16.582, 94.462
-32.234, -514.480, 16.637, 94.495
-32.289, -515.034, 16.692, 94.528
-32.345, -515.589, 16.747, 94.561
-32.402, -516.145, 16.802, 94.594
-32.461, -516.704, 16.857, 94.627
-32.521, -517.264, 16.912, 94.660
-32.582, -517.826, 16.968, 94.693
-32.644, -518.389, 17.024, 94.726
-32.707, -518.954, 17.080, 94.759
-32.772, -519.521, 17.136, 94.792
-32.838, -520.090, 17.193, 94.825
-32.905, -520.661, 17.251, 94.858
-32.973, -521.233, 17.308, 94.891
-33.042, -521.808, 17.366, 94.924
-33.112, -522.384, 17.425, 94.957
-33.183, -522.962, 17.483, 94.990
-33.255, -523.542, 17.542, 95.023
-33.329, -524.123, 17.601, 95.056
-33.403, -524.707, 17.661, 95.089
-33.478, -525.292, 17.720, 95.122
-33.554, -525.880, 17.780, 95.155
-33.630, -526.469, 17.840, 95.188
-33.708, -527.060, 17.900, 95.221
-33.786, -527.653, 17.960, 95.254
-33.865, -528.248, 18.020, 95.287
-33.945, -528.845, 18.080, 95.320
-34.025, -529.444, 18.141, 95.353
-34.107, -530.044, 18.201, 95.386
-34.188, -530.647, 18.262, 95.419
-34.271, -531.252, 18.322, 95.452
-34.354, -531.859, 18.383, 95.485
-34.437, -532.467, 18.444, 95.518
-34.521, -533.078, 18.505, 95.551
-34.606, -533.690, 18.566, 95.584
-34.690, -534.305, 18.628, 95.617
-34.776, -534.922, 18.690, 95.650
-34.861, -535.540, 18.752, 95.683
-34.947, -536.161, 18.814, 95.716
-35.033, -536.784, 18.877, 95.749
-35.119, -537.409, 18.939, 95.782
-35.206, -538.036, 19.003, 95.815
-35.292, -538.665, 19.066, 95.848
-35.379, -539.296, 19.130, 95.881
-35.466, -539.930, 19.194, 95.914
-35.553, -540.565, 19.259, 95.947
-35.639, -541.203, 19.323, 95.980
-35.726, -541.843, 19.388, 96.013
-35.812, -542.485, 19.450, 96.046
-35.899, -543.129, 19.507, 96.079
-35.985, -543.775, 19.553, 96.112
-36.070, -544.422, 19.586, 96.145
-36.155, -545.069, 19.600, 96.178
-36.239, -545.716, 19.595, 96.211
-36.323, -546.363, 19.568, 96.244
-36.405, -547.008, 19.522, 96.277
-36.486, -547.651, 19.459, 96.310
-36.566, -548.292, 19.380, 96.343
-36.645, -548.930, 19.291, 96.376
-36.722, -549.565, 19.194, 96.409
-36.798, -550.197, 19.093, 96.442
-36.873, -550.826, 18.992, 96.475
-36.946, -551.451, 18.893, 96.508
-37.017, -552.074, 18.800, 96.541
-37.087, -552.694, 18.715, 96.574
-37.155, -553.312, 18.642, 96.607
-37.221, -553.928, 18.579, 96.640
-37.286, -554.542, 18.527, 96.673
-37.349, -555.156, 18.485, 96.706
-37.411, -555.768, 18.451, 96.739
-37.471, -556.380, 18.427, 96.772
-37.529, -556.991, 18.411, 96.805
-37.586, -557.602, 18.402, 96.838
-37.641, -558.213, 18.401, 96.871
-37.694, -558.825, 18.406, 96.904
-37.745, -559.437, 18.416, 96.937
-37.795, -560.049, 18.433, 96.970
-37.842, -560.663, 18.453, 97.003
-37.888, -561.277, 18.475, 97.036
-37.932, -561.892, 18.495, 97.069
-37.974, -562.508, 18.512, 97.102
-38.013, -563.124, 18.522, 97.135
-38.051, -563.741, 18.524, 97.168
-38.086, -564.357, 18.516, 97.201
-38.119, -564.973, 18.498, 97.234
-38.149, -565.588, 18.469, 97.267
-38.176, -566.201, 18.430, 97.300
-38.201, -566.814, 18.382, 97.333
-38.223, -567.424, 18.326, 97.366
-38.242, -568.033, 18.265, 97.399
-38.259, -568.639, 18.200, 97.432
-38.272, -569.244, 18.134, 97.465
-38.282, -569.846, 18.068, 97.498
-38.289, -570.446, 18.003, 97.531
-38.293, -571.044, 17.943, 97.564
-38.293, -571.640, 17.888, 97.597
-38.290, -572.235, 17.839, 97.630
-38.283, -572.829, 17.798, 97.663
-38.273, -573.421, 17.764, 97.696
-38.259, -574.012, 17.738, 97.729
-38.241, -574.603, 17.719, 97.762
-38.220, -575.193, 17.707, 97.795
-38.194, -575.782, 17.700, 97.828
-38.164, -576.371, 17.696, 97.861
-38.130, -576.960, 17.695, 97.894
-38.092, -577.549, 17.694, 97.927
-38.049, -578.137, 17.693, 97.960
-38.003, -578.725, 17.689, 97.993
-37.951, -579.312, 17.682, 98.026
-37.895, -579.898, 17.671, 98.059
-37.835, -580.484, 17.654, 98.092
-37.770, -581.068, 17.632, 98.125
-37.701, -581.650, 17.605, 98.158
-37.627, -582.231, 17.573, 98.191
-37.548, -582.810, 17.541, 98.224
-37.465, -583.388, 17.511, 98.257
-37.378, -583.964, 17.488, 98.290
-37.285, -584.539, 17.474, 98.323
-37.188, -585.113, 17.467, 98.356
-37.087, -585.686, 17.467, 98.389
-36.981, -586.258, 17.473, 98.422
-36.870, -586.831, 17.486, 98.455
-36.754, -587.402, 17.503, 98.488
-36.634, -587.974, 17.526, 98.521
-36.509, -588.545, 17.553, 98.554
-36.379, -589.116, 17.585, 98.587
-36.245, -589.688, 17.620, 98.620
-36.107, -590.260, 17.659, 98.653
-35.963, -590.832, 17.702, 98.686
-35.815, -591.404, 17.747, 98.719
-35.663, -591.977, 17.795, 98.752
-35.506, -592.551, 17.846, 98.785
-35.345, -593.125, 17.900, 98.818
-35.179, -593.699, 17.956, 98.851
-35.009, -594.275, 18.013, 98.884
-34.834, -594.851, 18.073, 98.917
-34.655, -595.427, 18.134, 98.950
-34.472, -596.005, 18.197, 98.983
-34.284, -596.583, 18.262, 99.016
-34.092, -597.163, 18.327, 99.049
-33.895, -597.743, 18.394, 99.082
-33.694, -598.324, 18.463, 99.115
-33.489, -598.906, 18.532, 99.148
-33.279, -599.489, 18.602, 99.181
-33.065, -600.073, 18.673, 99.214
-32.847, -600.657, 18.745, 99.247
-32.624, -601.243, 18.817, 99.280
-32.397, -601.829, 18.890, 99.313
-32.165, -602.417, 18.964, 99.346
-31.929, -603.005, 19.038, 99.379
-31.688, -603.594, 19.112, 99.412
-31.443, -604.184, 19.187, 99.445
-31.194, -604.775, 19.263, 99.478
-30.940, -605.367, 19.338, 99.511
-30.682, -605.959, 19.414, 99.544
-30.419, -606.553, 19.491, 99.577
-30.151, -607.147, 19.567, 99.610
-29.879, -607.742, 19.644, 99.643
-29.602, -608.337, 19.721, 99.676
-29.321, -608.933, 19.797, 99.709
-29.035, -609.530, 19.874, 99.742
-28.744, -610.127, 19.952, 99.775
-28.449, -610.725, 20.029, 99.808
-28.149, -611.324, 20.106, 99.841
-27.845, -611.923, 20.183, 99.874
-27.535, -612.522, 20.260, 99.907
-27.221, -613.122, 20.337, 99.940
-26.902, -613.722, 20.415, 99.973
-26.579, -614.323, 20.492, 100.006
-26.250, -614.924, 20.569, 100.039
-25.917, -615.525, 20.646, 100.072
-25.579, -616.127, 20.723, 100.105
-25.236, -616.729, 20.800, 100.138
-24.889, -617.331, 20.877, 100.171
-24.536, -617.933, 20.954, 100.204
-24.179, -618.535, 21.030, 100.237
-23.816, -619.137, 21.107, 100.270
-23.449, -619.740, 21.183, 100.303
-23.077, -620.342, 21.260, 100.336
-22.701, -620.944, 21.336, 100.369
-22.319, -621.546, 21.412, 100.402
-21.933, -622.148, 21.488, 100.435
-21.541, -622.750, 21.564, 100.468
-21.145, -623.352, 21.640, 100.501
-20.744, -623.954, 21.716, 100.534
-20.338, -624.555, 21.792, 100.567
-19.927, -625.157, 21.867, 100.600
-19.511, -625.758, 21.942, 100.633
-19.091, -626.358, 22.018, 100.666
-18.665, -626.958, 22.093, 100.699
-18.235, -627.558, 22.167, 100.732
-17.800, -628.157, 22.242, 100.765
-17.360, -628.757, 22.317, 100.798
-16.915, -629.355, 22.391, 100.831
-16.466, -629.953, 22.465, 100.864
-16.011, -630.550, 22.536, 100.897
-15.552, -631.147, 22.600, 100.930
-15.089, -631.743, 22.655, 100.963
-14.622, -632.337, 22.698, 100.996
-14.150, -632.929, 22.726, 101.029
-13.675, -633.519, 22.739, 101.062
-13.197, -634.106, 22.736, 101.095
-12.716, -634.690, 22.716, 101.128
-12.233, -635.271, 22.682, 101.161
-11.748, -635.848, 22.635, 101.194
-11.260, -636.421, 22.579, 101.227
-10.771, -636.990, 22.517, 101.260
-10.280, -637.554, 22.452, 101.293
-9.788, -638.115, 22.387, 101.326
-9.294, -638.671, 22.325, 101.359
-8.798, -639.223, 22.269, 101.392
-8.300, -639.771, 22.221, 101.425
-7.800, -640.316, 22.180, 101.458
-7.298, -640.857, 22.146, 101.491
-6.794, -641.395, 22.119, 101.524
-6.287, -641.930, 22.097, 101.557
-5.778, -642.462, 22.082, 101.590
-5.267, -642.991, 22.072, 101.623
-4.753, -643.517, 22.067, 101.656
-4.237, -644.041, 22.068, 101.689
-3.718, -644.563, 22.072, 101.722
-3.197, -645.083, 22.081, 101.755
-2.672, -645.600, 22.094, 101.788
-2.146, -646.115, 22.111, 101.821
-1.616, -646.629, 22.131, 101.854
-1.084, -647.141, 22.154, 101.887
-0.549, -647.651, 22.180, 101.920
-0.011, -648.160, 22.209, 101.953
0.530, -648.667, 22.241, 101.986
1.074, -649.172, 22.275, 102.019
1.621, -649.676, 22.311, 102.052
2.170, -650.178, 22.349, 102.085
2.723, -650.680, 22.389, 102.118
3.279, -651.180, 22.429, 102.151
3.838, -651.678, 22.467, 102.184
4.399, -652.175, 22.500, 102.217
4.964, -652.670, 22.528, 102.250
5.531, -653.163, 22.549, 102.283
6.100, -653.654, 22.561, 102.316
6.672, -654.142, 22.565, 102.349
7.245, -654.628, 22.560, 102.382
7.820, -655.112, 22.547, 102.415
8.397, -655.592, 22.526, 102.448
8.975, -656.069, 22.499, 102.481
9.555, -656.543, 22.467, 102.514
10.136, -657.014, 22.433, 102.547
10.718, -657.481, 22.397, 102.580
11.301, -657.945, 22.363, 102.613
11.886, -658.405, 22.331, 102.646
12.472, -658.863, 22.303, 102.679
13.059, -659.317, 22.280, 102.712
13.649, -659.768, 22.264, 102.745
14.240, -660.216, 22.253, 102.778
14.833, -660.661, 22.247, 102.811
15.428, -661.104, 22.246, 102.844
16.025, -661.543, 22.249, 102.877
16.624, -661.980, 22.256, 102.910
17.226, -662.415, 22.268, 102.943
17.830, -662.847, 22.283, 102.976
18.437, -663.277, 22.302, 103.009
19.046, -663.704, 22.323, 103.042
19.657, -664.130, 22.347, 103.075
20.271, -664.553, 22.372, 103.108
20.888, -664.973, 22.397, 103.141
21.507, -665.392, 22.420, 103.174
22.128, -665.808, 22.440, 103.207
22.752, -666.222, 22.456, 103.240
23.378, -666.633, 22.467, 103.273
24.006, -667.042, 22.474, 103.306
24.635, -667.448, 22.475, 103.339
25.266, -667.851, 22.470, 103.372
25.899, -668.251, 22.460, 103.405
26.532, -668.648, 22.446, 103.438
27.167, -669.042, 22.428, 103.471
27.804, -669.433, 22.407, 103.504
28.441, -669.821, 22.385, 103.537
29.079, -670.206, 22.362, 103.570
29.718, -670.588, 22.340, 103.603
30.359, -670.966, 22.320, 103.636
31.000, -671.342, 22.304, 103.669
31.643, -671.714, 22.290, 103.702
32.288, -672.084, 22.281, 103.735
32.933, -672.450, 22.277, 103.768
33.581, -672.814, 22.277, 103.801
34.230, -673.175, 22.281, 103.834
34.881, -673.533, 22.289, 103.867
35.534, -673.888, 22.301, 103.900
36.188, -674.241, 22.315, 103.933
36.845, -674.591, 22.330, 103.966
37.504, -674.938, 22.347, 103.999
38.165, -675.283, 22.363, 104.032
38.828, -675.625, 22.378, 104.065
39.492, -675.964, 22.391, 104.098
40.159, -676.301, 22.402, 104.131
40.827, -676.635, 22.410, 104.164
41.497, -676.965, 22.414, 104.197
42.168, -677.293, 22.415, 104.230
42.841, -677.618, 22.412, 104.263
43.515, -677.939, 22.405, 104.296
44.190, -678.258, 22.396, 104.329
44.866, -678.573, 22.384, 104.362
45.543, -678.884, 22.370, 104.395
46.222, -679.193, 22.356, 104.428
46.901, -679.498, 22.341, 104.461
47.581, -679.800, 22.326, 104.494
48.262, -680.098, 22.313, 104.527
48.945, -680.393, 22.301, 104.560
49.628, -680.684, 22.292, 104.593
50.313, -680.972, 22.286, 104.626
50.998, -681.257, 22.282, 104.659
51.686, -681.539, 22.282, 104.692
52.374, -681.817, 22.284, 104.725
53.065, -682.092, 22.289, 104.758
53.756, -682.364, 22.296, 104.791
54.450, -682.632, 22.305, 104.824
55.145, -682.897, 22.315, 104.857
55.841, -683.159, 22.325, 104.890
56.539, -683.417, 22.336, 104.923
57.239, -683.672, 22.346, 104.956
57.940, -683.924, 22.355, 104.989
58.643, -684.172, 22.362, 105.022
59.347, -684.417, 22.367, 105.055
60.052, -684.658, 22.370, 105.088
60.759, -684.896, 22.371, 105.121
61.467, -685.130, 22.369, 105.154
62.176, -685.361, 22.365, 105.187
62.886, -685.587, 22.359, 105.220
63.596, -685.810, 22.351, 105.253
64.308, -686.029, 22.342, 105.286
65.020, -686.245, 22.333, 105.319
65.734, -686.456, 22.323, 105.352
66.448, -686.664, 22.313, 105.385
67.163, -686.868, 22.304, 105.418
67.878, -687.067, 22.296, 105.451
68.595, -687.263, 22.289, 105.484
69.312, -687.455, 22.284, 105.517
70.031, -687.643, 22.282, 105.550
70.750, -687.827, 22.281, 105.583
71.471, -688.007, 22.281, 105.616
72.192, -688.183, 22.284, 105.649
72.915, -688.354, 22.288, 105.682
73.639, -688.522, 22.294, 105.715
74.364, -688.686, 22.300, 105.748
75.090, -688.846, 22.307, 105.781
75.817, -689.001, 22.313, 105.814
76.545, -689.152, 22.320, 105.847
77.275, -689.299, 22.326, 105.880
78.005, -689.442, 22.331, 105.913
78.737, -689.581, 22.334, 105.946
79.469, -689.715, 22.337, 105.979
80.202, -689.845, 22.337, 106.012
80.936, -689.970, 22.336, 106.045
81.670, -690.091, 22.334, 106.078
82.405, -690.207, 22.330, 106.111
83.141, -690.319, 22.326, 106.144
83.877, -690.426, 22.320, 106.177
84.613, -690.528, 22.313, 106.210
85.350, -690.626, 22.307, 106.243
86.088, -690.719, 22.300, 106.276
86.825, -690.807, 22.294, 106.309
87.563, -690.890, 22.288, 106.342
88.302, -690.969, 22.283, 106.375
89.041, -691.042, 22.279, 106.408
89.780, -691.111, 22.276, 106.441
90.519, -691.174, 22.271, 106.474
91.259, -691.233, 22.263, 106.507
91.999, -691.286, 22.251, 106.540
92.738, -691.334, 22.233, 106.573
93.477, -691.377, 22.209, 106.606
94.215, -691.415, 22.179, 106.639
94.953, -691.447, 22.142, 106.672
95.689, -691.474, 22.099, 106.705
96.423, -691.496, 22.051, 106.738
97.156, -691.513, 21.998, 106.771
97.888, -691.524, 21.942, 106.804
98.617, -691.529, 21.884, 106.837
99.344, -691.529, 21.824, 106.870
100.070, -691.524, 21.765, 106.903
100.794, -691.514, 21.707, 106.936
101.515, -691.498, 21.652, 106.969
102.235, -691.476, 21.601, 107.002
102.953, -691.450, 21.554, 107.035
103.670, -691.418, 21.512, 107.068
104.385, -691.380, 21.478, 107.101
105.099, -691.338, 21.450, 107.134
105.811, -691.290, 21.428, 107.167
106.523, -691.237, 21.413, 107.200
107.235, -691.179, 21.403, 107.233
107.945, -691.117, 21.399, 107.266
108.655, -691.049, 21.399, 107.299
109.365, -690.976, 21.405, 107.332
110.075, -690.899, 21.414, 107.365
110.784, -690.817, 21.428, 107.398
111.494, -690.730, 21.446, 107.431
112.204, -690.639, 21.467, 107.464
112.914, -690.543, 21.491, 107.497
113.624, -690.443, 21.519, 107.530
114.334, -690.338, 21.549, 107.563
115.045, -690.230, 21.583, 107.596
115.757, -690.117, 21.618, 107.629
116.469, -689.999, 21.656, 107.662
117.182, -689.878, 21.696, 107.695
117.895, -689.752, 21.738, 107.728
118.609, -689.622, 21.782, 107.761
119.324, -689.488, 21.828, 107.794
120.040, -689.350, 21.875, 107.827
120.756, -689.207, 21.924, 107.860
121.473, -689.061, 21.974, 107.893
122.191, -688.910, 22.025, 107.926
122.910, -688.755, 22.077, 107.959
123.630, -688.596, 22.131, 107.992
124.351, -688.432, 22.185, 108.025
125.073, -688.264, 22.240, 108.058
125.795, -688.092, 22.296, 108.091
126.518, -687.915, 22.353, 108.124
127.243, -687.734, 22.409, 108.157
127.968, -687.548, 22.461, 108.190
128.693, -687.359, 22.508, 108.223
129.418, -687.164, 22.547, 108.256
130.144, -686.965, 22.577, 108.289
130.869, -686.762, 22.594, 108.322
131.592, -686.555, 22.600, 108.355
132.315, -686.344, 22.594, 108.388
133.036, -686.129, 22.576, 108.421
133.754, -685.910, 22.547, 108.454
134.470, -685.687, 22.510, 108.487
135.184, -685.460, 22.466, 108.520
135.894, -685.229, 22.418, 108.553
136.602, -684.995, 22.369, 108.586
137.306, -684.758, 22.321, 108.619
138.008, -684.516, 22.276, 108.652
138.708, -684.271, 22.237, 108.685
139.405, -684.022, 22.204, 108.718
140.100, -683.770, 22.178, 108.751
140.792, -683.513, 22.158, 108.784
141.483, -683.253, 22.144, 108.817
142.172, -682.989, 22.135, 108.850
142.859, -682.722, 22.131, 108.883
143.545, -682.450, 22.132, 108.916
144.230, -682.175, 22.137, 108.949
144.914, -681.896, 22.147, 108.982
145.596, -681.614, 22.160, 109.015
146.278, -681.328, 22.177, 109.048
146.959, -681.039, 22.198, 109.081
147.639, -680.746, 22.222, 109.114
148.319, -680.450, 22.248, 109.147
148.998, -680.150, 22.278, 109.180
149.677, -679.847, 22.310, 109.213
150.356, -679.540, 22.343, 109.246
151.034, -679.230, 22.376, 109.279
151.712, -678.917, 22.407, 109.312
152.390, -678.601, 22.435, 109.345
153.067, -678.282, 22.457, 109.378
153.743, -677.960, 22.473, 109.411
154.418, -677.635, 22.482, 109.444
155.092, -677.308, 22.484, 109.477
155.765, -676.978, 22.479, 109.510
156.436, -676.646, 22.466, 109.543
157.105, -676.312, 22.448, 109.576
157.773, -675.976, 22.424, 109.609
158.438, -675.637, 22.397, 109.642
159.101, -675.297, 22.368, 109.675
159.762, -674.955, 22.338, 109.708
160.421, -674.611, 22.310, 109.741
161.078, -674.264, 22.284, 109.774
161.734, -673.916, 22.262, 109.807
162.387, -673.566, 22.245, 109.840
163.039, -673.214, 22.233, 109.873
163.690, -672.859, 22.227, 109.906
164.339, -672.503, 22.225, 109.939
164.987, -672.144, 22.229, 109.972
165.634, -671.782, 22.236, 110.005
166.281, -671.419, 22.248, 110.038
166.926, -671.053, 22.264, 110.071
167.572, -670.685, 22.282, 110.104
168.216, -670.314, 22.303, 110.137
168.860, -669.941, 22.325, 110.170
169.503, -669.566, 22.346, 110.203
170.146, -669.189, 22.366, 110.236
170.789, -668.809, 22.384, 110.269
171.430, -668.428, 22.398, 110.302
172.071, -668.044, 22.409, 110.335
172.711, -667.659, 22.414, 110.368
173.350, -667.271, 22.415, 110.401
173.988, -666.882, 22.411, 110.434
174.624, -666.492, 22.403, 110.467
175.259, -666.100, 22.390, 110.500
175.893, -665.707, 22.375, 110.533
176.525, -665.312, 22.357, 110.566
177.156, -664.917, 22.338, 110.599
177.785, -664.520, 22.318, 110.632
178.413, -664.122, 22.300, 110.665
179.039, -663.723, 22.283, 110.698
179.664, -663.322, 22.269, 110.731
180.288, -662.921, 22.259, 110.764
180.911, -662.518, 22.252, 110.797
181.533, -662.114, 22.249, 110.830
182.154, -661.708, 22.250, 110.863
182.774, -661.301, 22.254, 110.896
183.394, -660.893, 22.262, 110.929
184.013, -660.484, 22.273, 110.962
184.632, -660.073, 22.286, 110.995
185.251, -659.661, 22.299, 111.028
185.869, -659.247, 22.314, 111.061
186.487, -658.832, 22.328, 111.094
187.104, -658.416, 22.340, 111.127
187.721, -657.999, 22.351, 111.160
188.338, -657.580, 22.360, 111.193
188.954, -657.161, 22.365, 111.226
189.570, -656.740, 22.368, 111.259
190.185, -656.319, 22.367, 111.292
190.800, -655.897, 22.363, 111.325
191.413, -655.474, 22.357, 111.358
192.026, -655.051, 22.347, 111.391
192.638, -654.627, 22.336, 111.424
193.249, -654.202, 22.324, 111.457
193.860, -653.778, 22.311, 111.490
194.469, -653.352, 22.299, 111.523
195.078, -652.926, 22.287, 111.556
195.686, -652.500, 22.276, 111.589
196.293, -652.073, 22.268, 111.622
196.900, -651.646, 22.262, 111.655
197.507, -651.219, 22.259, 111.688
198.112, -650.790, 22.258, 111.721
198.718, -650.362, 22.259, 111.754
199.323, -649.932, 22.263, 111.787
199.928, -649.502, 22.269, 111.820
200.534, -649.072, 22.277, 111.853
201.139, -648.641, 22.285, 111.886
201.743, -648.209, 22.295, 111.919
202.348, -647.777, 22.304, 111.952
202.953, -647.344, 22.312, 111.985
203.558, -646.911, 22.320, 112.018
204.163, -646.477, 22.326, 112.051
204.768, -646.044, 22.331, 112.084
205.373, -645.609, 22.333, 112.117
205.977, -645.175, 22.333, 112.150
206.582, -644.740, 22.332, 112.183
207.186, -644.306, 22.328, 112.216
207.790, -643.871, 22.323, 112.249
208.393, -643.436, 22.316, 112.282
208.997, -643.002, 22.308, 112.315
209.600, -642.567, 22.300, 112.348
210.203, -642.133, 22.291, 112.381
210.805, -641.699, 22.283, 112.414
211.408, -641.265, 22.276, 112.447
212.010, -640.831, 22.270, 112.480
212.612, -640.397, 22.265, 112.513
213.214, -639.963, 22.262, 112.546
213.816, -639.529, 22.261, 112.579
214.419, -639.096, 22.261, 112.612
215.021, -638.663, 22.263, 112.645
215.624, -638.229, 22.266, 112.678
216.227, -637.796, 22.270, 112.711
216.830, -637.363, 22.276, 112.744
217.434, -636.931, 22.281, 112.777
218.038, -636.498, 22.287, 112.810
218.642, -636.065, 22.293, 112.843
219.247, -635.633, 22.298, 112.876
219.852, -635.201, 22.302, 112.909
220.457, -634.770, 22.306, 112.942
221.063, -634.338, 22.308, 112.975
221.669, -633.908, 22.308, 113.008
222.275, -633.477, 22.308, 113.041
222.882, -633.048, 22.306, 113.074
223.489, -632.618, 22.303, 113.107
224.096, -632.190, 22.298, 113.140
224.704, -631.762, 22.294, 113.173
225.312, -631.334, 22.288, 113.206
225.920, -630.908, 22.283, 113.239
226.528, -630.482, 22.277, 113.272
227.137, -630.057, 22.272, 113.305
227.746, -629.633, 22.268, 113.338
228.355, -629.209, 22.264, 113.371
228.965, -628.787, 22.262, 113.404
229.576, -628.365, 22.260, 113.437
230.187, -627.944, 22.260, 113.470
230.798, -627.524, 22.261, 113.503
231.410, -627.104, 22.262, 113.536
232.023, -626.686, 22.264, 113.569
232.637, -626.268, 22.268, 113.602
233.251, -625.851, 22.271, 113.635
233.866, -625.435, 22.275, 113.668
234.482, -625.020, 22.278, 113.701
235.099, -624.606, 22.282, 113.734
235.716, -624.193, 22.285, 113.767
236.334, -623.781, 22.287, 113.800
236.953, -623.370, 22.289, 113.833
237.573, -622.960, 22.289, 113.866
238.194, -622.552, 22.289, 113.899
238.815, -622.144, 22.288, 113.932
239.437, -621.738, 22.287, 113.965
240.060, -621.333, 22.284, 113.998
240.683, -620.930, 22.281, 114.031
241.308, -620.528, 22.278, 114.064
241.933, -620.127, 22.274, 114.097
242.559, -619.728, 22.271, 114.130
243.185, -619.330, 22.267, 114.163
243.813, -618.934, 22.264, 114.196
244.441, -618.539, 22.262, 114.229
245.070, -618.146, 22.259, 114.262
245.701, -617.755, 22.258, 114.295
246.332, -617.365, 22.257, 114.328
246.964, -616.976, 22.257, 114.361
247.597, -616.590, 22.258, 114.394
248.231, -616.205, 22.259, 114.427
248.867, -615.821, 22.260, 114.460
249.503, -615.439, 22.262, 114.493
250.140, -615.060, 22.265, 114.526
250.779, -614.681, 22.267, 114.559
251.419, -614.305, 22.269, 114.592
252.060, -613.930, 22.271, 114.625
252.702, -613.558, 22.273, 114.658
253.345, -613.187, 22.274, 114.691
253.990, -612.818, 22.275, 114.724
254.635, -612.452, 22.275, 114.757
255.282, -612.087, 22.275, 114.790
255.930, -611.724, 22.274, 114.823
256.579, -611.364, 22.273, 114.856
257.229, -611.006, 22.271, 114.889
257.880, -610.650, 22.269, 114.922
258.533, -610.296, 22.267, 114.955
259.187, -609.945, 22.264, 114.988
259.841, -609.596, 22.262, 115.021
260.497, -609.249, 22.260, 115.054
261.155, -608.905, 22.258, 115.087
261.813, -608.563, 22.256, 115.120
262.473, -608.224, 22.254, 115.153
263.134, -607.887, 22.253, 115.186
263.796, -607.553, 22.253, 115.219
264.459, -607.221, 22.253, 115.252
265.124, -606.892, 22.253, 115.285
265.790, -606.566, 22.254, 115.318
266.458, -606.243, 22.255, 115.351
267.127, -605.922, 22.256, 115.384
267.797, -605.604, 22.257, 115.417
268.469, -605.288, 22.259, 115.450
269.142, -604.976, 22.260, 115.483
269.816, -604.666, 22.261, 115.516
270.492, -604.360, 22.262, 115.549
271.169, -604.056, 22.263, 115.582
271.847, -603.755, 22.264, 115.615
272.527, -603.458, 22.264, 115.648
273.208, -603.163, 22.263, 115.681
273.891, -602.872, 22.263, 115.714
274.574, -602.584, 22.262, 115.747
275.259, -602.299, 22.261, 115.780
275.946, -602.017, 22.259, 115.813
276.634, -601.739, 22.258, 115.846
277.323, -601.464, 22.256, 115.879
278.013, -601.193, 22.255, 115.912
278.705, -600.925, 22.253, 115.945
279.398, -600.660, 22.252, 115.978
280.092, -600.400, 22.251, 116.011
280.787, -600.142, 22.250, 116.044
281.484, -599.888, 22.249, 116.077
282.182, -599.638, 22.248, 116.110
282.882, -599.392, 22.248, 116.143
283.582, -599.149, 22.248, 116.176
284.284, -598.910, 22.249, 116.209
284.988, -598.675, 22.249, 116.242
285.692, -598.444, 22.250, 116.275
286.398, -598.216, 22.251, 116.308
287.105, -597.993, 22.252, 116.341
287.814, -597.773, 22.253, 116.374
288.523, -597.557, 22.253, 116.407
289.234, -597.346, 22.254, 116.440
289.946, -597.138, 22.255, 116.473
290.660, -596.935, 22.255, 116.506
291.374, -596.735, 22.255, 116.539
292.090, -596.540, 22.255, 116.572
292.806, -596.349, 22.254, 116.605
293.524, -596.162, 22.254, 116.638
294.243, -595.980, 22.253, 116.671
294.963, -595.802, 22.252, 116.704
295.684, -595.628, 22.251, 116.737
296.406, -595.459, 22.250, 116.770
297.129, -595.294, 22.249, 116.803
297.853, -595.133, 22.248, 116.836
298.578, -594.977, 22.247, 116.869
299.303, -594.825, 22.246, 116.902
300.030, -594.678, 22.246, 116.935
300.758, -594.535, 22.245, 116.968
301.486, -594.397, 22.245, 117.001
302.215, -594.264, 22.245, 117.034
302.946, -594.135, 22.245, 117.067
303.676, -594.011, 22.245, 117.100
304.408, -593.891, 22.245, 117.133
305.141, -593.776, 22.246, 117.166
305.874, -593.666, 22.246, 117.199
306.608, -593.561, 22.247, 117.232
307.342, -593.460, 22.247, 117.265
308.078, -593.364, 22.248, 117.298
308.813, -593.272, 22.248, 117.331
309.550, -593.186, 22.249, 117.364
310.287, -593.104, 22.249, 117.397
311.024, -593.027, 22.249, 117.430
311.762, -592.955, 22.249, 117.463
312.501, -592.888, 22.249, 117.496
313.240, -592.825, 22.249, 117.529
313.979, -592.767, 22.248, 117.562
314.719, -592.715, 22.247, 117.595
315.459, -592.667, 22.246, 117.628
316.199, -592.625, 22.244, 117.661
316.939, -592.589, 22.241, 117.694
